scene,requested_snr_db,noise_seed,model_seed,algorithm,full_input_snr_db,evaluation_input_snr_db,output_snr_db,snr_gain_db,rmse,weakest_tone_retention,evaluation_start,evaluation_end,training_seconds,inference_seconds,total_seconds,parameter_count
single,-20,42,0,ALE,-20.0,-20.028069862075487,-5.6466275327238735,14.381442329351614,0.19219175163810306,0.23244522082901053,8000,14976,0.0,0.044611300000269694,0.044611300000269694,32
single,-20,42,0,AE,-20.0,-20.028069862075487,-2.4702727399945745,17.557797122080913,0.13332666174970972,0.1154608288658347,8000,14976,0.5442051999998512,0.0016123999998853833,0.5458175999997366,74272
single,-20,42,0,AET,-20.0,-20.028069862075487,-5.775778793987502,14.252291068087985,0.19507081930357253,0.649249592135311,8000,14976,3.75282819999984,0.017796699999962584,3.7706248999998024,116608
single,-20,43,1,ALE,-20.0,-20.02926692321789,-5.964816339570761,14.06445058364713,0.19962535220461414,0.17126473260288103,8000,14976,0.0,0.046720400000140216,0.046720400000140216,32
single,-20,43,1,AE,-20.0,-20.02926692321789,-2.451529349065123,17.577737574152767,0.13321445300685497,0.2853613205633794,8000,14976,0.47021319999976185,0.001074100000096223,0.4712872999998581,74272
single,-20,43,1,AET,-20.0,-20.02926692321789,-10.887436643606428,9.141830279611462,0.3518412140560891,0.7701925677637579,8000,14976,3.7870042999998077,0.017122400000062044,3.8041266999998697,116608
single,-20,44,2,ALE,-20.0,-19.99491531403703,-5.535206139265672,14.459709174771358,0.18969253536623654,0.1804678763981585,8000,14976,0.0,0.04852340000024924,0.04852340000024924,32
single,-20,44,2,AE,-20.0,-19.99491531403703,-2.8420287952768053,17.152886518760226,0.1391205782104415,0.2464186502908441,8000,14976,0.470024100000046,0.0019662999998217856,0.4719903999998678,74272
single,-20,44,2,AET,-20.0,-19.99491531403703,-7.325056769985943,12.669858544051088,0.2331002679478976,0.4943072070980031,8000,14976,3.640882099999999,0.018601499999931548,3.6594835999999304,116608
single,-15,42,0,ALE,-15.0,-15.028069862075487,-1.8929747778575603,13.135095084217927,0.22184625778651232,0.45212164040683167,8000,14976,0.0,0.05693279999968581,0.05693279999968581,32
single,-15,42,0,AE,-15.0,-15.028069862075487,2.85335357963826,17.881423441713746,0.12845046753194853,0.8666933774671308,8000,14976,0.5513614999999845,0.0014762000000700937,0.5528377000000546,74272
single,-15,42,0,AET,-15.0,-15.028069862075487,-2.479218464108495,12.548851397966992,0.23733636774602274,1.0772981140622515,8000,14976,4.465450099999998,0.016373899999962305,4.4818239999999605,116608
single,-15,43,1,ALE,-15.0,-15.02926692321789,-2.1881723648120572,12.841094558405832,0.22981771201369114,0.3836482860854481,8000,14976,0.0,0.05040680000001885,0.05040680000001885,32
single,-15,43,1,AE,-15.0,-15.02926692321789,1.8608112349064645,16.890078158124354,0.14418972603623903,1.001626204853477,8000,14976,0.5303085999998984,0.0010940000001937733,0.5314026000000922,74272
single,-15,43,1,AET,-15.0,-15.02926692321789,-6.3264920615704865,8.702774861647402,0.37008329444051635,1.0199996541792327,8000,14976,4.103778599999714,0.016767000000072585,4.120545599999787,116608
single,-15,44,2,ALE,-15.0,-14.994915314037032,-1.877395361936935,13.117519952100096,0.22139086766418484,0.3801996217243139,8000,14976,0.0,0.04859050000004572,0.04859050000004572,32
single,-15,44,2,AE,-15.0,-14.994915314037032,1.4134386505875398,16.40835396462457,0.15157165815655138,0.9248945394733427,8000,14976,0.4835355000000163,0.001315499999691383,0.4848509999997077,74272
single,-15,44,2,AET,-15.0,-14.994915314037032,-3.307154304406221,11.687761009630812,0.2610042922708881,0.991418775772401,8000,14976,3.797573199999988,0.015692399999807094,3.813265599999795,116608
single,-10,42,0,ALE,-9.999999999999998,-10.028069862075483,1.7623394975463638,11.790409359621847,0.2589920262843044,0.7227077460582885,8000,14976,0.0,0.05906430000004548,0.05906430000004548,32
single,-10,42,0,AE,-9.999999999999998,-10.028069862075483,6.950328436684692,16.978398298760176,0.14252365343970946,1.0678783837755843,8000,14976,0.49914899999976114,0.001203799999984767,0.5003527999997459,74272
single,-10,42,0,AET,-9.999999999999998,-10.028069862075483,2.830461044262553,12.858530906338036,0.2290236417090944,1.001418593398345,8000,14976,3.7333702000000812,0.018735499999820604,3.752105699999902,116608
single,-10,43,1,ALE,-9.999999999999998,-10.029266923217888,1.4391498579461532,11.468416781164041,0.2691642552567506,0.6612404725500634,8000,14976,0.0,0.048395399999662914,0.048395399999662914,32
single,-10,43,1,AE,-9.999999999999998,-10.029266923217888,6.532356936939863,16.561623860157752,0.1497466210511829,1.0376804054527038,8000,14976,0.5630203999999139,0.002143100000012055,0.565163499999926,74272
single,-10,43,1,AET,-9.999999999999998,-10.029266923217888,-0.5803254121541873,9.448941511063701,0.3396183510477388,1.0073853867957494,8000,14976,3.7647218000001885,0.017077299999982642,3.781799100000171,116608
single,-10,44,2,ALE,-9.999999999999998,-9.99491531403703,1.671617709809645,11.666533023846675,0.2616429570086278,0.6631111519518489,8000,14976,0.0,0.052057800000056886,0.052057800000056886,32
single,-10,44,2,AE,-9.999999999999998,-9.99491531403703,6.64449874771188,16.63941406174891,0.14759274052111088,0.9755467660755648,8000,14976,0.4980048000002171,0.0010282000002916902,0.49903300000050876,74272
single,-10,44,2,AET,-9.999999999999998,-9.99491531403703,2.3282899269929587,12.323205241029989,0.24259142070639156,1.012810393388421,8000,14976,3.9454972999997153,0.01972879999993893,3.9652260999996543,116608
single,-5,42,0,ALE,-5.0,-5.028069862075485,5.793904530777951,10.821974392853436,0.2895397144712525,0.9163642325273301,8000,14976,0.0,0.05514640000001236,0.05514640000001236,32
single,-5,42,0,AE,-5.0,-5.028069862075485,11.714380874308585,16.74245073638407,0.1464482966065592,1.0223348748720715,8000,14976,0.4857326000001194,0.0017022000001816195,0.48743480000030104,74272
single,-5,42,0,AET,-5.0,-5.028069862075485,8.254163543827755,13.28223340590324,0.21811985039237103,1.0088833669765658,8000,14976,3.8322033999997984,0.01905120000037641,3.851254600000175,116608
single,-5,43,1,ALE,-4.999999999999999,-5.029266923217888,5.447355387579542,10.47662231079743,0.3017220911512345,0.8767683518818696,8000,14976,0.0,0.04894930000000386,0.04894930000000386,32
single,-5,43,1,AE,-4.999999999999999,-5.029266923217888,11.3531382625622,16.382405185780087,0.152868486318786,1.026836568869024,8000,14976,0.508038999999826,0.0015413000000989996,0.509580299999925,74272
single,-5,43,1,AET,-4.999999999999999,-5.029266923217888,7.820604870416838,12.849871793634726,0.2295855947112069,1.0079360634939307,8000,14976,3.790028599999914,0.018725200000062614,3.8087537999999768,116608
single,-5,44,2,ALE,-5.0,-4.994915314037031,5.623419922656968,10.618335236693998,0.2952017570606849,0.8791306404210004,8000,14976,0.0,0.05568260000018199,0.05568260000018199,32
single,-5,44,2,AE,-5.0,-4.994915314037031,11.110546628210631,16.10546194224766,0.1569504635908624,1.0041440667325543,8000,14976,0.5053185000001577,0.0011398000001463515,0.506458300000304,74272
single,-5,44,2,AET,-5.0,-4.994915314037031,8.581451832837413,13.576367146874443,0.20999905606149094,0.9931419970639525,8000,14976,3.661651100000199,0.017964600000141218,3.6796157000003404,116608
single,0,42,0,ALE,9.64327466553287e-16,-0.028069862075485348,10.279331100817924,10.307400962893409,0.3072110362843899,0.99381859977339,8000,14976,0.0,0.04798339999979362,0.04798339999979362,32
single,0,42,0,AE,9.64327466553287e-16,-0.028069862075485348,16.284862345835222,16.31293220791071,0.15387223112340567,1.0165065737715486,8000,14976,0.4930711000001793,0.0010609000000840751,0.49413200000026336,74272
single,0,42,0,AET,9.64327466553287e-16,-0.028069862075485348,15.21970255592753,15.247772418003015,0.17394751968476715,1.017937753616813,8000,14976,3.688357300000007,0.017261899999994057,3.705619200000001,116608
single,0,43,1,ALE,9.64327466553287e-16,-0.029266923217886986,9.924939944249406,9.954206867467294,0.3204260980090637,0.9761838590034315,8000,14976,0.0,0.048763100000087434,0.048763100000087434,32
single,0,43,1,AE,9.64327466553287e-16,-0.029266923217886986,16.438783176928403,16.46805010014629,0.15136857399224046,1.0056613389915496,8000,14976,0.4926043000000391,0.0010348000000703905,0.49363910000010947,74272
single,0,43,1,AET,9.64327466553287e-16,-0.029266923217886986,14.35091863920115,14.380185562419038,0.19249920774172402,0.999669237125475,8000,14976,3.70758990000013,0.024277900000015507,3.7318678000001455,116608
single,0,44,2,ALE,0.0,0.005084685962968923,10.04116270946247,10.0360780234995,0.31566890136184245,0.9731641409224521,8000,14976,0.0,0.05692640000006577,0.05692640000006577,32
single,0,44,2,AE,0.0,0.005084685962968923,16.051686623814618,16.046601937851648,0.1580176515514742,1.0061300766110142,8000,14976,0.5193223999999645,0.001712299999780953,0.5210346999997455,74272
single,0,44,2,AET,0.0,0.005084685962968923,13.75190816570746,13.746823479744492,0.2059181017065284,1.0084638481477026,8000,14976,3.7834623000003376,0.01573359999974855,3.799195900000086,116608
multiline,-20,42,0,ALE,-20.0,-20.030217167527397,-5.687419661038671,14.342797506488726,0.19304874653867632,0.3077751069232548,8000,14976,0.0,0.051575400000274385,0.051575400000274385,32
multiline,-20,42,0,AE,-20.0,-20.030217167527397,-2.3181476395959604,17.712069527931437,0.13097951713294478,0.0881965077773207,8000,14976,0.49582379999992554,0.0012089000001651584,0.4970327000000907,74272
multiline,-20,42,0,AET,-20.0,-20.030217167527397,-4.5476899412821865,15.48252722624521,0.16930917757447328,0.08163650349660911,8000,14976,3.652722999999696,0.016523400000096444,3.6692463999997926,116608
multiline,-20,43,1,ALE,-20.0,-20.0314142286698,-6.049382826192804,13.982031402476995,0.20152858447485128,0.06150382784352515,8000,14976,0.0,0.04703030000018771,0.04703030000018771,32
multiline,-20,43,1,AE,-20.0,-20.0314142286698,-3.516631984840961,16.51478224382884,0.1505563621148328,0.03743477624835053,8000,14976,0.4935306999996101,0.0012520000000222353,0.4947826999996323,74272
multiline,-20,43,1,AET,-20.0,-20.0314142286698,-10.290527784353301,9.740886444316498,0.3283930084639926,0.11888186360782005,8000,14976,3.6197165999997196,0.01677330000029542,3.636489900000015,116608
multiline,-20,44,2,ALE,-20.0,-19.99706261948894,-5.4936273187726385,14.503435300716301,0.18873999313130033,0.11335445311190004,8000,14976,0.0,0.051343399999950634,0.051343399999950634,32
multiline,-20,44,2,AE,-20.0,-19.99706261948894,-3.449744248341859,16.54731837114708,0.14916597851232388,0.05962283849357669,8000,14976,0.4798571000001175,0.0011027000000467524,0.48095980000016425,74272
multiline,-20,44,2,AET,-20.0,-19.99706261948894,-7.335113429033696,12.661949190455243,0.23331262525341273,0.10138420711037609,8000,14976,3.805669300000318,0.017912299999807146,3.823581600000125,116608
multiline,-15,42,0,ALE,-15.0,-15.030217167527395,-2.2579672040460648,12.77224996348133,0.23130997584503116,0.2788566748674436,8000,14976,0.0,0.04832810000016252,0.04832810000016252,32
multiline,-15,42,0,AE,-15.0,-15.030217167527395,0.46072630788220836,15.490943475409603,0.1691452038020519,0.07418524342044189,8000,14976,0.47154060000002573,0.0011755999998968036,0.47271619999992254,74272
multiline,-15,42,0,AET,-15.0,-15.030217167527395,-0.8585384954852088,14.171678672042185,0.19688966852919718,0.06654727281627633,8000,14976,3.6864872999999534,0.018459599999914644,3.704946899999868,116608
multiline,-15,43,1,ALE,-15.0,-15.0314142286698,-2.5245430090322873,12.506871219637512,0.238833181316175,0.051200909941238874,8000,14976,0.0,0.04846019999968121,0.04846019999968121,32
multiline,-15,43,1,AE,-15.0,-15.0314142286698,0.06873458384319003,15.10014881251299,0.1771865630015594,0.025828970018527735,8000,14976,0.4878072000001339,0.0010294999997313425,0.48883669999986523,74272
multiline,-15,43,1,AET,-15.0,-15.0314142286698,-5.661000731393701,9.370413497276099,0.3427027186622911,0.11883861221403655,8000,14976,3.692709399999785,0.01886610000019573,3.711575499999981,116608
multiline,-15,44,2,ALE,-15.0,-14.997062619488942,-2.030096241260382,12.966966378228559,0.22526171230230757,0.03132495554131479,8000,14976,0.0,0.0542224000000715,0.0542224000000715,32
multiline,-15,44,2,AE,-15.0,-14.997062619488942,0.9043506024803104,15.901413221969252,0.16068118977860557,0.037035526069427276,8000,14976,0.48066500000004453,0.0011929000002055545,0.4818579000002501,74272
multiline,-15,44,2,AET,-15.0,-14.997062619488942,-2.980490844312275,12.016571775176667,0.2513084613536756,0.02839499172211046,8000,14976,3.6036589000000276,0.016468799999984185,3.620127700000012,116608
multiline,-10,42,0,ALE,-10.0,-10.030217167527397,0.748464941001278,10.778682108528674,0.2909864431595464,0.3120540468093468,8000,14976,0.0,0.05105269999967277,0.05105269999967277,32
multiline,-10,42,0,AE,-10.0,-10.030217167527397,5.544071381380791,15.574288548908187,0.16752994039719876,0.01429370408247198,8000,14976,0.4717476999999235,0.0016439000000900705,0.47339160000001357,74272
multiline,-10,42,0,AET,-10.0,-10.030217167527397,1.3727240325246346,11.402941200052032,0.270806947206442,0.20271053008793163,8000,14976,3.6586468000000423,0.014885900000081165,3.6735327000001234,116608
multiline,-10,43,1,ALE,-10.0,-10.0314142286698,0.5721864258335452,10.603600654503344,0.29734332382675205,0.10143952634705958,8000,14976,0.0,0.05443520000017088,0.05443520000017088,32
multiline,-10,43,1,AE,-10.0,-10.0314142286698,5.333077640089425,15.364491868759224,0.171875364078932,0.015960149531862956,8000,14976,0.4852725000000646,0.001964199999747507,0.4872366999998121,74272
multiline,-10,43,1,AET,-10.0,-10.0314142286698,-0.9149202260054707,9.116494002664329,0.3528690144081535,0.22917778544057651,8000,14976,3.677386200000001,0.015736800000013318,3.693123000000014,116608
multiline,-10,44,2,ALE,-9.999999999999998,-9.99706261948894,0.9106888751598601,10.9077514946488,0.285527619935936,0.05365417252641772,8000,14976,0.0,0.05272560000003068,0.05272560000003068,32
multiline,-10,44,2,AE,-9.999999999999998,-9.99706261948894,4.643192322572336,14.640254942061276,0.18579026442640592,0.03031013547057151,8000,14976,0.5159981000001608,0.0010076000003209629,0.5170057000004817,74272
multiline,-10,44,2,AET,-9.999999999999998,-9.99706261948894,0.15725589089177733,10.154318510380717,0.31140083619007153,0.09832944197218986,8000,14976,3.661489900000106,0.018337699999847246,3.6798275999999532,116608
multiline,-5,42,0,ALE,-5.0,-5.030217167527395,4.011368343858805,9.041585511386199,0.35540831637508935,0.423834161611937,8000,14976,0.0,0.046958899999935966,0.046958899999935966,32
multiline,-5,42,0,AE,-5.0,-5.030217167527395,8.761312000588534,13.791529168115929,0.2056981581710517,0.0063507402136592644,8000,14976,0.4681742000002487,0.0010446999999658146,0.4692189000002145,74272
multiline,-5,42,0,AET,-5.0,-5.030217167527395,7.292089638779176,12.322306806306571,0.24360798588843455,0.17109565587992864,8000,14976,3.6572344999999586,0.017937200000233133,3.6751717000001918,116608
multiline,-5,43,1,ALE,-5.0,-5.031414228669799,3.874809361282928,8.906223589952727,0.36151560208526495,0.25571133537061086,8000,14976,0.0,0.04677099999980783,0.04677099999980783,32
multiline,-5,43,1,AE,-5.0,-5.031414228669799,8.59951334356291,13.630927572232709,0.2098417241540501,0.007501615429750266,8000,14976,0.49602850000019316,0.0014169999999467109,0.4974455000001399,74272
multiline,-5,43,1,AET,-5.0,-5.031414228669799,5.253472652302872,10.284886880972671,0.3084564674003771,0.2636342454528333,8000,14976,3.667086500000096,0.015744899999845074,3.682831399999941,116608
multiline,-5,44,2,ALE,-4.999999999999999,-4.997062619488941,3.968882565398786,8.965945184887726,0.35705773088427534,0.2143669089905811,8000,14976,0.0,0.0526252999998178,0.0526252999998178,32
multiline,-5,44,2,AE,-4.999999999999999,-4.997062619488941,8.576014315743329,13.573076935232269,0.21007861869106337,0.0140344754706015,8000,14976,0.512650499999836,0.0010131999997611274,0.5136636999995972,74272
multiline,-5,44,2,AET,-4.999999999999999,-4.997062619488941,6.717576634300273,11.714639253789214,0.26019787010912954,0.11967426147793442,8000,14976,3.6563461000000643,0.019332200000008015,3.6756783000000723,116608
multiline,0,42,0,ALE,9.64327466553287e-16,-0.030217167527394985,7.8029596260313125,7.8331767935587076,0.4084585786416909,0.6192360708718286,8000,14976,0.0,0.05454460000009931,0.05454460000009931,32
multiline,0,42,0,AE,9.64327466553287e-16,-0.030217167527394985,10.763454945695702,10.793672113223097,0.29048469530784876,0.006506141514418708,8000,14976,0.4607360999998491,0.0013088999999126827,0.4620449999997618,74272
multiline,0,42,0,AET,9.64327466553287e-16,-0.030217167527394985,13.011715951340385,13.04193311886778,0.22423851334835845,0.8868771219449805,8000,14976,3.7082107000001088,0.019408999999996013,3.727619700000105,116608
multiline,0,43,1,ALE,0.0,-0.03141422866979847,7.679253511284302,7.710667739954101,0.4148631280343113,0.5213367587367181,8000,14976,0.0,0.05568620000030933,0.05568620000030933,32
multiline,0,43,1,AE,0.0,-0.03141422866979847,10.711518774348807,10.742933003018605,0.29261162395385854,0.007363891658167627,8000,14976,0.525916000000052,0.0010218999996141065,0.5269378999996661,74272
multiline,0,43,1,AET,0.0,-0.03141422866979847,11.320378485856029,11.351792714525827,0.27280265258017417,0.8637050146690585,8000,14976,3.798459200000252,0.01698679999981323,3.8154460000000654,116608
multiline,0,44,2,ALE,0.0,0.0029373805110578946,7.585988199733029,7.583050819221971,0.41868090956567083,0.47481315790663053,8000,14976,0.0,0.04851779999989958,0.04851779999989958,32
multiline,0,44,2,AE,0.0,0.0029373805110578946,10.717210308077492,10.714272927566434,0.2919591251095389,0.015140558915836953,8000,14976,0.5008325999997396,0.0017205999997713661,0.502553199999511,74272
multiline,0,44,2,AET,0.0,0.0029373805110578946,12.231486351235201,12.228548970724143,0.24524956819854407,0.7889908455718022,8000,14976,3.657356400000026,0.015715800000180025,3.673072200000206,116608
