scene,requested_snr_db,algorithm,seeds,parameter_count,evaluation_input_snr_db_mean,evaluation_input_snr_db_std,output_snr_db_mean,output_snr_db_std,snr_gain_db_mean,snr_gain_db_std,rmse_mean,rmse_std,weakest_tone_retention_mean,weakest_tone_retention_std,training_seconds_mean,training_seconds_std,inference_seconds_mean,inference_seconds_std,total_seconds_mean,total_seconds_std
single,-20,ALE,3,32,-20.017417366443468,0.01949653842919949,-5.715550003853436,0.22294385239673803,14.301867362590036,0.20929995213976405,0.19383654640298456,0.00516664542523731,0.19472594327668336,0.03298836746841617,0.0,0.0,0.04661836666688638,0.001958044867535256,0.04661836666688638,0.001958044867535256
single,-20,AE,3,74272,-20.017417366443468,0.01949653842919949,-2.5879436281121677,0.220243689593357,17.4294737383313,0.2397389683171081,0.1352205643223354,0.0033779770493682438,0.2157469332400194,0.08900623539899466,0.49481416666655303,0.04277399408519972,0.0015509333332677973,0.00044926475847364386,0.4963650999998208,0.04282856412003271
single,-20,AET,3,116608,-20.017417366443468,0.01949653842919949,-7.9960907358599576,2.6210639882326703,12.021326630583511,2.616227742328343,0.2600041004358531,0.08177469852967936,0.6379164556656906,0.13829140625540576,3.726904866666549,0.0764325764417746,0.01784019999998539,0.000740508872266214,3.744745066666534,0.07571479990342982
single,-15,ALE,3,32,-15.01741736644347,0.019496538429198466,-1.9861808348688512,0.17510315010503064,13.031236531574619,0.16490208848777332,0.22435161248812943,0.004739253955886707,0.4053231827388646,0.0405653183340686,0.0,0.0,0.051976699999916796,0.004387132529142292,0.051976699999916796,0.004387132529142292
single,-15,AE,3,74272,-15.01741736644347,0.019496538429198466,2.0425344883774215,0.7369574318539961,17.05995185482089,0.7510833680124694,0.14140395057491298,0.011809647440355725,0.9310713739313168,0.06767814964639093,0.5217351999999664,0.03471626361905968,0.0012952333333184167,0.0001919043076660075,0.5230304333332848,0.034757987934529416
single,-15,AET,3,116608,-15.01741736644347,0.019496538429198466,-4.037621610028402,2.024985283124109,10.979795756415067,2.0184120690849148,0.2894746514858091,0.07080506798300734,1.0295721813379617,0.043732598178350894,4.1222672999999,0.3343220938095156,0.016277766666613996,0.0005437117834644945,4.138545066666514,0.33464244971747126
single,-10,ALE,3,32,-10.017417366443468,0.01949653842919798,1.6243690217673874,0.1666949749617979,11.641786388210855,0.16241644660238574,0.26326641284989427,0.005276861493196034,0.6823531235200669,0.03496064259289038,0.0,0.0,0.05317249999992176,0.005421095264963975,0.05317249999992176,0.005421095264963975
single,-10,AE,3,74272,-10.017417366443468,0.01949653842919798,6.709061373778812,0.2163360653317639,16.72647874022228,0.22160872466206047,0.14662100500400108,0.0037082364697397624,1.0270351851012844,0.047077302854171096,0.5200580666666307,0.037210870219464676,0.0014583666667628374,0.0005994611273635597,0.5215164333333936,0.03780522833490153
single,-10,AET,3,116608,-10.017417366443468,0.01949653842919798,1.526141853033775,1.8414524735209126,11.54355921947724,1.8336332513030162,0.2704111378210749,0.0603179071974531,1.0072047911941717,0.005698046843608356,3.8145297666666615,0.114499352819787,0.018513866666580725,0.0013395723434157301,3.8330436333332423,0.11543213534976647
single,-5,ALE,3,32,-5.017417366443468,0.019496538429197952,5.62155994700482,0.17328205849122927,10.638977313448288,0.17359892466444646,0.29548785422772395,0.006096225396504234,0.8907544082767332,0.022210187423688403,0.0,0.0,0.05325943333339941,0.003742300712634011,0.05325943333339941,0.003742300712634011
single,-5,AE,3,74272,-5.017417366443468,0.019496538429197952,11.392688588360471,0.30385378127190227,16.41010595480394,0.31939658798619663,0.1520890821720692,0.0052942875780870235,1.01777183682455,0.012014715996259232,0.49969670000003436,0.012169525326312753,0.0014611000001423236,0.00028965059986940384,0.5011578000001767,0.011986545279889821
single,-5,AET,3,116608,-5.017417366443468,0.019496538429197952,8.218740082360668,0.3816584091473508,13.236157448804136,0.36543278443056243,0.21923483372168961,0.009840757843667228,1.0033204758448162,0.00882753752138302,3.7612943666666374,0.08883278607995318,0.01858033333352675,0.0005575972143336902,3.779874700000164,0.08938948378242083
single,0,ALE,3,32,-0.017417366443467804,0.019496538429197647,10.081811251509933,0.18065852025695123,10.0992286179534,0.18487161882203199,0.314435345218432,0.006693333225377607,0.9810555332330911,0.011155786613064104,0.0,0.0,0.05122429999998227,0.004953528169984368,0.05122429999998227,0.004953528169984368
single,0,AE,3,74272,-0.017417366443467804,0.019496538429197647,16.258444048859413,0.1948958187583046,16.27586141530288,0.21315562653566528,0.15441948555570675,0.0033581503327622716,1.0094326631247041,0.006130667795487708,0.5016659333333943,0.015292729871439315,0.0012693333333118062,0.0003838422894917518,0.5029352666667061,0.015676506397644566
single,0,AET,3,116608,-0.017417366443467804,0.019496538429197647,14.440843120278714,0.738017548716274,14.458260486722182,0.7535142328904961,0.19078827637767323,0.016053815537183384,1.0086902796299968,0.009136362903842177,3.7264698333334914,0.050284979549263545,0.019091133333252703,0.004556406101772415,3.745560966666744,0.0482677615572332
multiline,-20,ALE,3,32,-20.01956467189538,0.01949653842919949,-5.743476602001372,0.28208656735040266,14.276088069894007,0.267026436842637,0.194439108048276,0.006506677030836767,0.16087779595956,0.1298315709350145,0.0,0.0,0.04998303333347091,0.0025597717873179333,0.04998303333347091,0.0025597717873179333
multiline,-20,AE,3,74272,-20.01956467189538,0.01949653842919949,-3.09484129092626,0.6734673439270001,16.924723380969123,0.6820558014176864,0.14356728592003382,0.01092347169715019,0.061751374173082636,0.02544771787526356,0.48973719999988435,0.008632894005309387,0.0011878666667447153,7.684024553742293e-05,0.4909250666666291,0.00870319078274354
multiline,-20,AET,3,116608,-20.01956467189538,0.01949653842919949,-7.391110384889728,2.871828401428484,12.62845428700565,2.8709669361723,0.24367160376395955,0.08004622189371446,0.10063419140493508,0.01863400400134796,3.692702966666578,0.09921391011542612,0.017069666666733003,0.0007403618730260163,3.7097726333333108,0.09991300087268355
multiline,-15,ALE,3,32,-15.01956467189538,0.01949653842919798,-2.2708688181129113,0.24747573673830847,12.748695853782467,0.23095018034742842,0.2318016231545046,0.006799079394026469,0.12046084678333242,0.13753433082930763,0.0,0.0,0.05033689999997174,0.0033655898874565254,0.05033689999997174,0.0033655898874565254
multiline,-15,AE,3,74272,-15.01956467189538,0.01949653842919798,0.47793716473523623,0.4180737887573791,15.497501836630613,0.4006724629192181,0.16900431886073897,0.00825358847606706,0.04568324650279897,0.02531145187164267,0.48000426666673474,0.008153403908441534,0.0011326666666112335,8.97627058917037e-05,0.48113693333334595,0.008084396994403989
multiline,-15,AET,3,116608,-15.01956467189538,0.01949653842919798,-3.166676690397061,2.4066386847205647,11.852887981498318,2.404814152453388,0.26363361618172126,0.0736837395795742,0.07126029225080778,0.04540563330760393,3.6609518666665886,0.04971460202187818,0.01793150000003152,0.0012829376563812385,3.67888336666662,0.05099172343202936
multiline,-10,ALE,3,32,-10.01956467189538,0.01949653842919949,0.7437800806648944,0.1692998463887583,10.763344752560272,0.15265437843826385,0.2912857956407448,0.005913537311953065,0.15571591522760803,0.1374847938856977,0.0,0.0,0.05273783333329144,0.001691283182726782,0.05273783333329144,0.001691283182726782
multiline,-10,AE,3,74272,-10.01956467189538,0.01949653842919949,5.173447114680851,0.4711763981053858,15.193011786576228,0.4900599541066152,0.1750651896341789,0.009538925448790848,0.02018799636163548,0.008805540029688023,0.49100610000004963,0.02267553972378874,0.0015385666667195135,0.0004869211671974537,0.49254466666676916,0.02228628080940951
multiline,-10,AET,3,116608,-10.01956467189538,0.01949653842919949,0.2050198991369804,1.1445698378688716,10.22458457103236,1.1448419917482702,0.311692265934889,0.04103180981661273,0.17673925250023267,0.0691823871498968,3.665840966666716,0.010099015493728958,0.01632013333331391,0.0017983156405094638,3.6821611000000303,0.010001443906216696
multiline,-5,ALE,3,32,-5.019564671895378,0.019496538429198493,3.9516867568468395,0.06988462494966999,8.971251428742217,0.06783678656468638,0.35799388311487657,0.0031594335624560133,0.297970801991043,0.11094381176734146,0.0,0.0,0.04878506666652053,0.0033270663719165003,0.04878506666652053,0.0033270663719165003
multiline,-5,AE,3,74272,-5.019564671895378,0.019496538429198493,8.645613219964924,0.1008846219969078,13.665177891860301,0.11318196768438173,0.20853950033872173,0.002463523643229664,0.00929561037133701,0.004144123581955949,0.4922844000000926,0.022473295909176034,0.0011582999998912176,0.00022459369987770802,0.49344269999998386,0.022491150873781854
multiline,-5,AET,3,116608,-5.019564671895378,0.019496538429198493,6.421046308460774,1.0511600639266563,11.440610980356153,1.045986906714146,0.2707541077993137,0.033688380849039586,0.18480138760356546,0.07295207027955763,3.6602223666667064,0.0059610870194844005,0.017671433333362074,0.001808356785511939,3.6778938000000685,0.004283582753843557
multiline,0,ALE,3,32,-0.01956467189537852,0.019496538429197404,7.689400445682881,0.10884103162752869,7.708965117578259,0.12507167925510337,0.4140008720805577,0.005165426059598266,0.5384619958383925,0.07371872053067469,0.0,0.0,0.05291620000010274,0.003851656080371174,0.05291620000010274,0.003851656080371174
multiline,0,AE,3,74272,-0.01956467189537852,0.019496538429197404,10.730728009374,0.028484867206987965,10.750292681269379,0.04020797580955211,0.29168514812374874,0.0010896118152173492,0.009670197362807763,0.004756845117083409,0.4958282333332136,0.03287685516147933,0.0013504666664327185,0.00035119974854650674,0.4971786999996463,0.03277859141704849
multiline,0,AET,3,116608,-0.01956467189537852,0.019496538429197404,12.187860262810538,0.8465122752985856,12.207424934705918,0.8452681913277997,0.24743024470902555,0.024355398115496283,0.8465243273952803,0.05115479241430933,3.721342100000129,0.07146205490640717,0.017370533333329757,0.0018762649101603385,3.7387126333334586,0.0718321975791752
