scene,requested_snr_db,noise_seed,input_snr_db,output_snr_db,snr_gain_db,mse,output_power_over_clean,tone_error_over_clean,dc_error_over_clean,other_error_over_clean,noise_error_correlation,strongest_tone_retention,weakest_tone_retention
multiline,-10,42,-10.030217167527397,-1.392750207411777,8.63746696011562,0.13863312941928935,2.3141732826236936,0.02047306608765025,0.0007160260640962278,1.3568927827636754,0.7469481353925884,0.981187003947326,0.5137897782115904
multiline,-10,43,-10.0314142286698,-1.6759466743543983,8.355467554315402,0.14836439627987388,2.375546921422215,0.03305004807523923,0.0007377267656117721,1.4371512406503826,0.7500459738648563,0.9756522831019377,0.29852564404399246
multiline,-10,44,-9.99706261948894,-1.2447861913995293,8.752276428089411,0.13391948085120756,2.4443594295823745,0.05124917495560158,6.433451486808924e-05,1.2806079590702748,0.74155235786854,1.1468762482646784,0.263581418870199
multiline,-15,42,-15.030217167527395,-6.8105755267371535,8.219641640790242,0.15263339306984863,5.318342354155976,0.07655825739457972,0.0017757990460443279,4.719636214475804,0.7788797295330884,0.8145748769202459,0.451347474426523
multiline,-15,43,-15.0314142286698,-6.888247972068332,8.143166256601468,0.15579726286643553,5.251490859999687,0.12049474622163346,0.0036252423476755484,4.760432684317525,0.7734210436202638,0.7086783300573833,0.22655677757269266
multiline,-15,44,-14.997062619488942,-6.605824605184879,8.391238014304061,0.14552834769193843,5.443109931788172,0.10544945224761611,0.00027628571100804446,4.471290577298171,0.7608198959469158,1.1280528925727782,0.2293687539360188
multiline,-20,42,-20.030217167527397,-11.84547943460441,8.184737732922986,0.15386503840220686,15.191053987525477,0.32422351090974216,0.003780004633667736,14.966942324130002,0.7892694097481278,0.4163635985021834,0.4863618125176075
multiline,-20,43,-20.0314142286698,-11.847043319916315,8.184370908753484,0.15432609184864846,14.955564155822703,0.47340903174626303,0.007373077667909311,14.819672399917087,0.7859199310412897,0.27409537221187563,0.20888562631752713
multiline,-20,44,-19.99706261948894,-11.555580753813679,8.44148186567526,0.14385442098363874,14.676216063880856,0.17391369694216313,0.0004394128702622991,14.132959794535568,0.7761958671450586,0.8474002663992591,0.2238056518898131
multiline,-5,42,-5.030217167527395,4.9664945671670635,9.996711734694458,0.10137772694196291,1.3026316858252334,0.007350673772507418,0.0001487568797221619,0.31117743960382915,0.6764479264806043,0.9955944600924956,0.7138240162133946
multiline,-5,43,-5.031414228669799,4.683561633068186,9.714975861737987,0.10848729056284469,1.2942699904305006,0.01769833508838781,0.0002648983079728216,0.32216590324147965,0.6905565653394351,0.9963360011246012,0.47949150852837685
multiline,-5,44,-4.997062619488941,5.029353370598035,10.026415990086976,0.09986879295196577,1.370544685387243,0.025804921674055986,3.102350109402659e-05,0.2882616873313115,0.6760873370903411,1.0832884312250681,0.4346932594787051
multiline,0,42,-0.030217167527394985,12.12145429947337,12.151671467000766,0.061722936001880564,1.0553434219309663,0.0023641349282750523,6.741113539523687e-05,0.05892410516273926,0.49632205225505915,1.0017040284042429,0.8253003260481625
multiline,0,43,-0.03141422866979847,11.675470765187727,11.706884993857525,0.06857849495937107,1.0454493730863357,0.005642182219905327,6.993873471104964e-05,0.062279113053519984,0.5206360760298703,1.0010380040862499,0.7072310315356396
multiline,0,44,0.0029373805110578946,11.87983662544913,11.876899244938071,0.06522010225740393,1.1082599326084024,0.008075423367956159,6.474010467105182e-06,0.05678398607999196,0.4946570054988617,1.052738833582122,0.69076710363754
single,-10,42,-10.028069862075483,-1.247442636767585,8.780627225307898,0.13413774475888032,2.488091375870289,0.01027147653800611,0.00045144283326215657,1.322013493655442,0.756977771011545,1.0796544816023284,1.0796544816023284
single,-10,43,-10.029266923217888,-1.3885784210252603,8.640688502192628,0.13893369909620848,2.49996054874821,0.0044297058629205015,0.0011206411756646438,1.3712083927497956,0.7567083946147709,1.0619207515983884,1.0619207515983884
single,-10,44,-9.99491531403703,-1.1298815996655784,8.865033714371451,0.1304872349525197,2.388818145059827,0.0022630661209103713,6.761221591917555e-05,1.294813228539978,0.7550686186437585,1.0459196860321718,1.0459196860321718
single,-15,42,-15.028069862075487,-6.725160497552433,8.302909364523053,0.14973481363910474,5.873547148283879,0.022135516259281864,0.0027344661514538005,4.679657931827448,0.775123516968531,1.0914308157926258,1.0914308157926258
single,-15,43,-15.02926692321789,-6.839770907889781,8.189496015328109,0.15414407913794145,5.963047431442289,0.006580870779128529,0.003509629288986004,4.820242711562356,0.7711218249658984,1.0674143076475942,1.0674143076475942
single,-15,44,-14.994915314037032,-6.416152864888706,8.578762449148325,0.1393782973858236,5.36004993713936,0.0015648541569542407,1.3590380600827263e-05,4.379845592270465,0.767782556798551,0.9900479231024489,0.9900479231024489
single,-20,42,-20.028069862075487,-11.873537453521523,8.154532408553964,0.15493890487557546,16.01367054045981,0.08194075382363684,0.007257479968915007,15.304881985264561,0.7859557052490832,0.8376180822096637,0.8376180822096637
single,-20,43,-20.02926692321789,-11.95355188607607,8.07571503714182,0.1582358722684542,16.327669522220567,0.037575471191389556,0.009396519841178586,15.633357656188158,0.7795944933823313,0.8276552003410983,0.8276552003410983
single,-20,44,-19.99491531403703,-11.541334406888248,8.453580907148782,0.14345421363786873,14.589797928347501,0.11547873977904884,0.0006125122924992673,14.144365658052601,0.7735503064056841,0.6669628305710137,0.6669628305710137
single,-5,42,-5.028069862075485,5.277611628000052,10.305681490075537,0.09441599490315393,1.4012975133869952,0.003639231260353061,0.0003894498753567279,0.2926175514785972,0.7071480768636811,1.05276596161378,1.05276596161378
single,-5,43,-5.029266923217888,4.99992881659074,10.029195739808628,0.10091526736262349,1.383773313645406,0.0011759532729465237,0.0002647505902930793,0.31479224535437667,0.7010588872073852,1.033797513426277,1.033797513426277
single,-5,44,-4.994915314037031,5.324657387016246,10.319572701053277,0.0933499586220302,1.3576693056847768,0.001053016834726103,1.628157288887854e-05,0.2923808012226004,0.6998132183587362,1.0321227706873037,1.0321227706873037
single,0,42,-0.028069862075485348,13.365606130761423,13.393675992836908,0.04637096390311503,1.0995911625987824,0.0011544961513790914,0.00013516698248178412,0.044782583132033815,0.5354496242993568,1.0269801282504183,1.0269801282504183
single,0,43,-0.029266923217886986,12.91480189697914,12.944068820197028,0.051578602045819974,1.0867414666765818,0.000317441691182798,6.612773134173104e-05,0.05072806988067704,0.5444012184605509,1.0178200223890053,1.0178200223890053
single,0,44,0.005084685962968923,13.1218958176148,13.116811131651831,0.049021916594308886,1.077386860198662,0.00022385664576463386,1.1787488030912197e-05,0.0484959275305659,0.5345192402010025,1.0143389402899763,1.0143389402899763
