epoch,training_mse,validation_mse,significant_improvement,best_epoch_so_far,stale_epochs
1,0.022224516879282726,0.02148759997346726,True,1,0
2,0.021672189427798638,0.021210235386526062,True,2,0
3,0.021384319173581398,0.020934733404151657,True,3,0
4,0.020646351661048664,0.0190515879244167,True,4,0
5,0.01682925769733474,0.013741418080209112,True,5,0
6,0.011996944873455928,0.011020637002032317,True,6,0
7,0.010683958168087251,0.0107744641546317,True,7,0
8,0.010575473212507541,0.01074685661456431,True,8,0
9,0.01051706621515243,0.010667939309833454,True,9,0
10,0.010491014303714704,0.010675296665157971,False,9,1
11,0.010478521049891353,0.010669016837779285,False,9,2
12,0.010478375684219358,0.010695423386859824,False,9,3
13,0.010470304508680988,0.0106775343173635,False,9,4
14,0.010453262391412472,0.010666502778391141,True,14,0
15,0.010429843775760967,0.010689355049191286,False,14,1
16,0.010425746094251695,0.010686274801149111,False,14,2
17,0.01041008183323348,0.01070225157951748,False,14,3
18,0.010400822703547008,0.010687782925547737,False,14,4
19,0.010389225411274775,0.010714531888507113,False,14,5
20,0.010376786566736185,0.010703094815575777,False,14,6
21,0.010363263295203314,0.010716960930895714,False,14,7
22,0.010350476278017186,0.010702867846965766,False,14,8
23,0.010347451968744998,0.010732383993767554,False,14,9
24,0.010341678888040006,0.010729794740223076,False,14,10
