domain,scene,input_snr_db,ALE,AE,AET_60,AET_ES,AET_LA,minimum_margin_db
fixed,single,-20,-5.8349778978977245,-3.2263884827983693,-7.991303891418286,-1.5484245757978343,3.0967115535589254,3.180391250750047
fixed,single,-15,-2.077891408073392,1.851141870907243,-4.042661027925876,-0.5523493482852868,9.302551000918836,6.818624407822052
fixed,single,-10,1.595568098116451,6.896217698647422,0.8501686933334472,7.876473511539561,14.17359142810379,5.097895924970142
fixed,single,-5,5.692361797208237,11.550693770188767,7.89248616621984,12.563300159573714,19.49008980867875,5.087868869175916
fixed,single,0,10.232746381219439,16.434745988270613,14.8462779407245,17.220004739582752,24.095455349002627,3.8498974649825044
fixed,multiline,-20,-5.890419636595309,-3.383072537260562,-7.202493591714031,-1.6102332948780613,2.236075115703313,2.7264334832572525
fixed,multiline,-15,-2.379357912715444,0.5244298168316626,-3.0397423918058495,-0.5795424931813067,7.326444840504834,6.211185973869935
fixed,multiline,-10,0.6525076684231518,4.905259405404823,-0.006004911343229004,5.271065936120956,10.584516498622133,4.133959836973851
fixed,multiline,-5,3.8582855590232383,8.535299401174006,6.247373393899293,8.637573992350685,15.230772854785391,5.391830917972543
fixed,multiline,0,7.606572294385307,10.719625246964153,11.746150434591224,11.101563936580273,20.16945622170305,5.964038859457682
random,single,-20,-5.759749516161002,-2.886657867909707,-7.538884294738831,-1.3439148934990195,3.17720323595886,3.2155743386116638
random,single,-15,-2.041137026386638,2.5759378319087585,-3.160885545055373,0.6719864969350775,9.793152058695105,5.971612587471485
random,single,-10,1.586194953827252,7.173083905602169,1.8466446141659347,8.102865090792383,14.761527449077587,4.947188307442792
random,single,-5,5.6615257133884755,11.4563007287712,8.831847988166507,13.043955457434418,19.473202261160644,3.9725822222234584
random,single,0,10.215318072280523,15.906438837349128,14.58172189773039,17.867010334501135,23.97732451784065,2.577774998915541
random,multiline,-20,-5.797403036944159,-2.954454034621394,-7.625443154574808,-1.3837073098558135,1.5783972151265329,2.04319868423086
random,multiline,-15,-2.336720125962834,0.81696517428284,-3.8734364097038374,-0.4751215777362129,6.111519355054918,2.7038793711448568
random,multiline,-10,0.6263795989866967,4.6159811734259035,0.0034539412187006733,3.2748364849633105,10.389351417594312,2.5881945073197743
random,multiline,-5,3.7797113949443686,7.354435287565155,4.221882033884578,6.9695884691630825,15.421945284281076,6.267917061965829
random,multiline,0,7.463551668882732,9.774695604134314,9.66391031401817,9.873459402527065,19.669995079472034,7.90775548917958
