domain,scene,requested_snr_db,noise_seed,control,improvement_db
fixed,multiline,-20.0,800.0,AET_old_queries,-1.277922453356611
fixed,multiline,-20.0,800.0,AET_frozen_qk,0.09656623715892376
fixed,multiline,-20.0,800.0,AET_short_attention,3.3497209908698453
fixed,multiline,-20.0,800.0,AET_no_attention,3.363967121957379
fixed,multiline,-20.0,801.0,AET_old_queries,-0.15125341915717616
fixed,multiline,-20.0,801.0,AET_frozen_qk,0.0183009434478012
fixed,multiline,-20.0,801.0,AET_short_attention,3.846147539631903
fixed,multiline,-20.0,801.0,AET_no_attention,4.695184539026438
fixed,multiline,-20.0,802.0,AET_old_queries,-0.7545464960791555
fixed,multiline,-20.0,802.0,AET_frozen_qk,-0.0414134821761456
fixed,multiline,-20.0,802.0,AET_short_attention,4.530464384377142
fixed,multiline,-20.0,802.0,AET_no_attention,4.9433597893903345
fixed,multiline,-20.0,803.0,AET_old_queries,-1.8137791251108148
fixed,multiline,-20.0,803.0,AET_frozen_qk,-0.20804924980730544
fixed,multiline,-20.0,803.0,AET_short_attention,4.224521127066044
fixed,multiline,-20.0,803.0,AET_no_attention,4.605727950242365
fixed,multiline,-20.0,804.0,AET_old_queries,-1.0437468754010655
fixed,multiline,-20.0,804.0,AET_frozen_qk,0.04636449294537304
fixed,multiline,-20.0,804.0,AET_short_attention,3.9522318889125385
fixed,multiline,-20.0,804.0,AET_no_attention,5.290794622251456
fixed,multiline,-15.0,800.0,AET_old_queries,-0.8716514941778719
fixed,multiline,-15.0,800.0,AET_frozen_qk,0.02603317501707103
fixed,multiline,-15.0,800.0,AET_short_attention,5.420305649160641
fixed,multiline,-15.0,800.0,AET_no_attention,7.468632080404659
fixed,multiline,-15.0,801.0,AET_old_queries,-0.186941989045053
fixed,multiline,-15.0,801.0,AET_frozen_qk,0.04686843893453663
fixed,multiline,-15.0,801.0,AET_short_attention,5.176500220796411
fixed,multiline,-15.0,801.0,AET_no_attention,7.703578705190059
fixed,multiline,-15.0,802.0,AET_old_queries,-0.4126128902835289
fixed,multiline,-15.0,802.0,AET_frozen_qk,0.06871940542524246
fixed,multiline,-15.0,802.0,AET_short_attention,5.0138794197054875
fixed,multiline,-15.0,802.0,AET_no_attention,7.2437558779663656
fixed,multiline,-15.0,803.0,AET_old_queries,-0.10708846046681142
fixed,multiline,-15.0,803.0,AET_frozen_qk,0.007990495069040371
fixed,multiline,-15.0,803.0,AET_short_attention,5.736895486864235
fixed,multiline,-15.0,803.0,AET_no_attention,8.408222967687776
fixed,multiline,-15.0,804.0,AET_old_queries,-0.4330427290369441
fixed,multiline,-15.0,804.0,AET_frozen_qk,-0.04839493912136561
fixed,multiline,-15.0,804.0,AET_short_attention,6.187861312509421
fixed,multiline,-15.0,804.0,AET_no_attention,8.68653732100987
fixed,multiline,-10.0,800.0,AET_old_queries,-0.36473366122252315
fixed,multiline,-10.0,800.0,AET_frozen_qk,0.44003202144704545
fixed,multiline,-10.0,800.0,AET_short_attention,5.0744433978394206
fixed,multiline,-10.0,800.0,AET_no_attention,10.0438686335748
fixed,multiline,-10.0,801.0,AET_old_queries,0.08771485173495996
fixed,multiline,-10.0,801.0,AET_frozen_qk,0.009244484083479776
fixed,multiline,-10.0,801.0,AET_short_attention,4.700102789884615
fixed,multiline,-10.0,801.0,AET_no_attention,9.552520409804375
fixed,multiline,-10.0,802.0,AET_old_queries,-0.08794010893089954
fixed,multiline,-10.0,802.0,AET_frozen_qk,0.23826232320709018
fixed,multiline,-10.0,802.0,AET_short_attention,4.9067142627044555
fixed,multiline,-10.0,802.0,AET_no_attention,9.254279116604476
fixed,multiline,-10.0,803.0,AET_old_queries,-0.29142501875854165
fixed,multiline,-10.0,803.0,AET_frozen_qk,0.07267929023317521
fixed,multiline,-10.0,803.0,AET_short_attention,4.774723317725234
fixed,multiline,-10.0,803.0,AET_no_attention,9.68529060872546
fixed,multiline,-10.0,804.0,AET_old_queries,-0.4994571442148157
fixed,multiline,-10.0,804.0,AET_frozen_qk,0.19759479286824977
fixed,multiline,-10.0,804.0,AET_short_attention,5.395209267137819
fixed,multiline,-10.0,804.0,AET_no_attention,10.430794760882112
fixed,multiline,-5.0,800.0,AET_old_queries,-0.8789928418540001
fixed,multiline,-5.0,800.0,AET_frozen_qk,2.862360443547182
fixed,multiline,-5.0,800.0,AET_short_attention,6.851165886650477
fixed,multiline,-5.0,800.0,AET_no_attention,12.724664340497954
fixed,multiline,-5.0,801.0,AET_old_queries,-0.6893675446425487
fixed,multiline,-5.0,801.0,AET_frozen_qk,2.326191012254922
fixed,multiline,-5.0,801.0,AET_short_attention,5.898565901764982
fixed,multiline,-5.0,801.0,AET_no_attention,11.703111498169422
fixed,multiline,-5.0,802.0,AET_old_queries,0.2294435153945713
fixed,multiline,-5.0,802.0,AET_frozen_qk,3.134453319520617
fixed,multiline,-5.0,802.0,AET_short_attention,7.184313825323354
fixed,multiline,-5.0,802.0,AET_no_attention,12.589109473548728
fixed,multiline,-5.0,803.0,AET_old_queries,-0.30003332605749655
fixed,multiline,-5.0,803.0,AET_frozen_qk,2.987133663310944
fixed,multiline,-5.0,803.0,AET_short_attention,6.678159946516304
fixed,multiline,-5.0,803.0,AET_no_attention,12.317937306196926
fixed,multiline,-5.0,804.0,AET_old_queries,-0.9034295212525763
fixed,multiline,-5.0,804.0,AET_frozen_qk,2.30320290350846
fixed,multiline,-5.0,804.0,AET_short_attention,6.668796184892759
fixed,multiline,-5.0,804.0,AET_no_attention,12.22576193808395
fixed,multiline,0.0,800.0,AET_old_queries,-0.04885344053822038
fixed,multiline,0.0,800.0,AET_frozen_qk,3.114064986303198
fixed,multiline,0.0,800.0,AET_short_attention,8.660627898640378
fixed,multiline,0.0,800.0,AET_no_attention,13.439231765387758
fixed,multiline,0.0,801.0,AET_old_queries,-0.17009262980858608
fixed,multiline,0.0,801.0,AET_frozen_qk,3.855660130495977
fixed,multiline,0.0,801.0,AET_short_attention,7.380433527694658
fixed,multiline,0.0,801.0,AET_no_attention,12.397386655634765
fixed,multiline,0.0,802.0,AET_old_queries,-0.04862929097098956
fixed,multiline,0.0,802.0,AET_frozen_qk,2.4404475347596346
fixed,multiline,0.0,802.0,AET_short_attention,8.213871505679533
fixed,multiline,0.0,802.0,AET_no_attention,12.691271096803778
fixed,multiline,0.0,803.0,AET_old_queries,-0.08098836820901667
fixed,multiline,0.0,803.0,AET_frozen_qk,3.883543338277061
fixed,multiline,0.0,803.0,AET_short_attention,7.98171325745494
fixed,multiline,0.0,803.0,AET_no_attention,13.02829981018731
fixed,multiline,0.0,804.0,AET_old_queries,-0.1204640083867119
fixed,multiline,0.0,804.0,AET_frozen_qk,3.4770298003719375
fixed,multiline,0.0,804.0,AET_short_attention,8.709505132843892
fixed,multiline,0.0,804.0,AET_no_attention,13.132094357551557
fixed,single,-20.0,800.0,AET_old_queries,-0.6221000350385009
fixed,single,-20.0,800.0,AET_frozen_qk,0.35001170352177113
fixed,single,-20.0,800.0,AET_short_attention,4.027422113092025
fixed,single,-20.0,800.0,AET_no_attention,3.8648549206291016
fixed,single,-20.0,801.0,AET_old_queries,-0.23887079432849
fixed,single,-20.0,801.0,AET_frozen_qk,-0.31572563011669486
fixed,single,-20.0,801.0,AET_short_attention,4.607683394491211
fixed,single,-20.0,801.0,AET_no_attention,5.655198406138135
fixed,single,-20.0,802.0,AET_old_queries,-0.46782757087548577
fixed,single,-20.0,802.0,AET_frozen_qk,0.045865229531201646
fixed,single,-20.0,802.0,AET_short_attention,5.160372417691845
fixed,single,-20.0,802.0,AET_no_attention,5.674179532554673
fixed,single,-20.0,803.0,AET_old_queries,-0.6151541304436074
fixed,single,-20.0,803.0,AET_frozen_qk,0.05381088878558815
fixed,single,-20.0,803.0,AET_short_attention,4.915900869221603
fixed,single,-20.0,803.0,AET_no_attention,5.992692925005498
fixed,single,-20.0,804.0,AET_old_queries,-0.4940670752840104
fixed,single,-20.0,804.0,AET_frozen_qk,-0.07980825382594414
fixed,single,-20.0,804.0,AET_short_attention,4.872740212908424
fixed,single,-20.0,804.0,AET_no_attention,5.607241411025244
fixed,single,-15.0,800.0,AET_old_queries,-1.0688794234778722
fixed,single,-15.0,800.0,AET_frozen_qk,-0.061583797403978124
fixed,single,-15.0,800.0,AET_short_attention,6.754596853259981
fixed,single,-15.0,800.0,AET_no_attention,10.071410038008226
fixed,single,-15.0,801.0,AET_old_queries,-0.08789013636471132
fixed,single,-15.0,801.0,AET_frozen_qk,-0.048307318157663204
fixed,single,-15.0,801.0,AET_short_attention,5.897446291808616
fixed,single,-15.0,801.0,AET_no_attention,9.45621007264109
fixed,single,-15.0,802.0,AET_old_queries,-0.11408038235104101
fixed,single,-15.0,802.0,AET_frozen_qk,0.04007472496201814
fixed,single,-15.0,802.0,AET_short_attention,6.080663462679778
fixed,single,-15.0,802.0,AET_no_attention,9.025501331841374
fixed,single,-15.0,803.0,AET_old_queries,-0.9003130035671507
fixed,single,-15.0,803.0,AET_frozen_qk,-0.07796760317842022
fixed,single,-15.0,803.0,AET_short_attention,6.333155149404327
fixed,single,-15.0,803.0,AET_no_attention,10.151983104889997
fixed,single,-15.0,804.0,AET_old_queries,0.20274793068352537
fixed,single,-15.0,804.0,AET_frozen_qk,0.008882774259459936
fixed,single,-15.0,804.0,AET_short_attention,6.718663954351098
fixed,single,-15.0,804.0,AET_no_attention,10.291454459745555
fixed,single,-10.0,800.0,AET_old_queries,-2.170834565063881
fixed,single,-10.0,800.0,AET_frozen_qk,-0.09533422087466015
fixed,single,-10.0,800.0,AET_short_attention,5.998872636802341
fixed,single,-10.0,800.0,AET_no_attention,13.665421907228673
fixed,single,-10.0,801.0,AET_old_queries,-0.010538064016214932
fixed,single,-10.0,801.0,AET_frozen_qk,0.11675091779346936
fixed,single,-10.0,801.0,AET_short_attention,6.2684193612239145
fixed,single,-10.0,801.0,AET_no_attention,12.733012224448547
fixed,single,-10.0,802.0,AET_old_queries,-0.5842658996939321
fixed,single,-10.0,802.0,AET_frozen_qk,0.02012324275253441
fixed,single,-10.0,802.0,AET_short_attention,6.0439166706248715
fixed,single,-10.0,802.0,AET_no_attention,12.255609579456355
fixed,single,-10.0,803.0,AET_old_queries,-0.4885243357429534
fixed,single,-10.0,803.0,AET_frozen_qk,0.1517336856115179
fixed,single,-10.0,803.0,AET_short_attention,6.563229539360384
fixed,single,-10.0,803.0,AET_no_attention,13.772435067774108
fixed,single,-10.0,804.0,AET_old_queries,-0.3283753057354115
fixed,single,-10.0,804.0,AET_frozen_qk,-0.4689438636013943
fixed,single,-10.0,804.0,AET_short_attention,5.891404618206915
fixed,single,-10.0,804.0,AET_no_attention,13.112529044572616
fixed,single,-5.0,800.0,AET_old_queries,-1.0665856843210904
fixed,single,-5.0,800.0,AET_frozen_qk,-0.9251082093306771
fixed,single,-5.0,800.0,AET_short_attention,6.2113583248575654
fixed,single,-5.0,800.0,AET_no_attention,17.197033728613107
fixed,single,-5.0,801.0,AET_old_queries,-0.3793512387836131
fixed,single,-5.0,801.0,AET_frozen_qk,0.4508992713620401
fixed,single,-5.0,801.0,AET_short_attention,5.530483147973861
fixed,single,-5.0,801.0,AET_no_attention,15.109973269992317
fixed,single,-5.0,802.0,AET_old_queries,-0.01213063650830648
fixed,single,-5.0,802.0,AET_frozen_qk,0.39686593276261206
fixed,single,-5.0,802.0,AET_short_attention,6.39484020750006
fixed,single,-5.0,802.0,AET_no_attention,15.324345997750424
fixed,single,-5.0,803.0,AET_old_queries,-0.1695356431019448
fixed,single,-5.0,803.0,AET_frozen_qk,0.0622053325065508
fixed,single,-5.0,803.0,AET_short_attention,6.932026831673646
fixed,single,-5.0,803.0,AET_no_attention,16.651095057079395
fixed,single,-5.0,804.0,AET_old_queries,-0.487591351003438
fixed,single,-5.0,804.0,AET_frozen_qk,-0.5751047164304453
fixed,single,-5.0,804.0,AET_short_attention,6.048960121415627
fixed,single,-5.0,804.0,AET_no_attention,16.149529845445244
fixed,single,0.0,800.0,AET_old_queries,-1.3213013602993726
fixed,single,0.0,800.0,AET_frozen_qk,-1.2262056692201604
fixed,single,0.0,800.0,AET_short_attention,5.806055500875633
fixed,single,0.0,800.0,AET_no_attention,16.463776320492926
fixed,single,0.0,801.0,AET_old_queries,-0.36665494603164817
fixed,single,0.0,801.0,AET_frozen_qk,-0.004309262478912501
fixed,single,0.0,801.0,AET_short_attention,4.8644781951629525
fixed,single,0.0,801.0,AET_no_attention,14.297860178022658
fixed,single,0.0,802.0,AET_old_queries,-0.06272601136863543
fixed,single,0.0,802.0,AET_frozen_qk,-0.0216545328526756
fixed,single,0.0,802.0,AET_short_attention,5.502970697871113
fixed,single,0.0,802.0,AET_no_attention,14.047898687747473
fixed,single,0.0,803.0,AET_old_queries,-0.22668828143020647
fixed,single,0.0,803.0,AET_frozen_qk,-0.2760058491384463
fixed,single,0.0,803.0,AET_short_attention,6.303802707774967
fixed,single,0.0,803.0,AET_no_attention,15.53582552169308
fixed,single,0.0,804.0,AET_old_queries,-1.8321141338097924
fixed,single,0.0,804.0,AET_frozen_qk,-2.0906903340573635
fixed,single,0.0,804.0,AET_short_attention,4.416658668439016
fixed,single,0.0,804.0,AET_no_attention,13.77398355884795
random,multiline,-20.0,900.0,AET_old_queries,1.7375014676610432
random,multiline,-20.0,900.0,AET_frozen_qk,0.10468261087084807
random,multiline,-20.0,900.0,AET_short_attention,4.341493124416653
random,multiline,-20.0,900.0,AET_no_attention,4.704168845898147
random,multiline,-20.0,901.0,AET_old_queries,1.220280101636071
random,multiline,-20.0,901.0,AET_frozen_qk,0.1614039139789949
random,multiline,-20.0,901.0,AET_short_attention,3.1250851499951278
random,multiline,-20.0,901.0,AET_no_attention,3.069791765886978
random,multiline,-20.0,902.0,AET_old_queries,0.8233049106275752
random,multiline,-20.0,902.0,AET_frozen_qk,0.12016239028429876
random,multiline,-20.0,902.0,AET_short_attention,3.6501295906324844
random,multiline,-20.0,902.0,AET_no_attention,4.4175977147844385
random,multiline,-20.0,903.0,AET_old_queries,0.11945360638002223
random,multiline,-20.0,903.0,AET_frozen_qk,0.07719662452242426
random,multiline,-20.0,903.0,AET_short_attention,2.7681154060725923
random,multiline,-20.0,903.0,AET_no_attention,3.498998818858046
random,multiline,-20.0,904.0,AET_old_queries,-0.2585660258623923
random,multiline,-20.0,904.0,AET_frozen_qk,0.002135096527329461
random,multiline,-20.0,904.0,AET_short_attention,2.5096668624718563
random,multiline,-20.0,904.0,AET_no_attention,3.2192964498211705
random,multiline,-15.0,900.0,AET_old_queries,3.1448634238993867
random,multiline,-15.0,900.0,AET_frozen_qk,0.2184300354298898
random,multiline,-15.0,900.0,AET_short_attention,5.133892222691579
random,multiline,-15.0,900.0,AET_no_attention,7.601741700764085
random,multiline,-15.0,901.0,AET_old_queries,0.8101451021354658
random,multiline,-15.0,901.0,AET_frozen_qk,0.18012330771777219
random,multiline,-15.0,901.0,AET_short_attention,4.297726591326132
random,multiline,-15.0,901.0,AET_no_attention,6.26082867166768
random,multiline,-15.0,902.0,AET_old_queries,3.4432176015422815
random,multiline,-15.0,902.0,AET_frozen_qk,0.1105047796248595
random,multiline,-15.0,902.0,AET_short_attention,5.437538517817069
random,multiline,-15.0,902.0,AET_no_attention,7.800229907983255
random,multiline,-15.0,903.0,AET_old_queries,2.509937279928085
random,multiline,-15.0,903.0,AET_frozen_qk,0.24232570243014973
random,multiline,-15.0,903.0,AET_short_attention,5.269525461988891
random,multiline,-15.0,903.0,AET_no_attention,7.4904048383581205
random,multiline,-15.0,904.0,AET_old_queries,-0.07802327192290548
random,multiline,-15.0,904.0,AET_frozen_qk,0.15999777536621185
random,multiline,-15.0,904.0,AET_short_attention,2.884438441254995
random,multiline,-15.0,904.0,AET_no_attention,4.766716589393804
random,multiline,-10.0,900.0,AET_old_queries,2.330628704341837
random,multiline,-10.0,900.0,AET_frozen_qk,1.2440130306300379
random,multiline,-10.0,900.0,AET_short_attention,6.405905778633347
random,multiline,-10.0,900.0,AET_no_attention,11.386592512121783
random,multiline,-10.0,901.0,AET_old_queries,1.9181632767715993
random,multiline,-10.0,901.0,AET_frozen_qk,0.9785677062837124
random,multiline,-10.0,901.0,AET_short_attention,5.468229008041863
random,multiline,-10.0,901.0,AET_no_attention,9.745865770546969
random,multiline,-10.0,902.0,AET_old_queries,5.42440861385632
random,multiline,-10.0,902.0,AET_frozen_qk,0.5773155011701299
random,multiline,-10.0,902.0,AET_short_attention,5.362853109097601
random,multiline,-10.0,902.0,AET_no_attention,10.314228377976496
random,multiline,-10.0,903.0,AET_old_queries,3.9144199597810623
random,multiline,-10.0,903.0,AET_frozen_qk,0.8937561390579116
random,multiline,-10.0,903.0,AET_short_attention,6.706782278584549
random,multiline,-10.0,903.0,AET_no_attention,11.350549418308782
random,multiline,-10.0,904.0,AET_old_queries,1.1183222365217391
random,multiline,-10.0,904.0,AET_frozen_qk,1.6625973855243092
random,multiline,-10.0,904.0,AET_short_attention,4.535758618272637
random,multiline,-10.0,904.0,AET_no_attention,8.754258682363933
random,multiline,-5.0,900.0,AET_old_queries,1.4787501955826858
random,multiline,-5.0,900.0,AET_frozen_qk,2.9098206239461994
random,multiline,-5.0,900.0,AET_short_attention,7.635643092518039
random,multiline,-5.0,900.0,AET_no_attention,15.085956633683523
random,multiline,-5.0,901.0,AET_old_queries,2.5665936460420458
random,multiline,-5.0,901.0,AET_frozen_qk,3.3659741429763876
random,multiline,-5.0,901.0,AET_short_attention,7.711178093724304
random,multiline,-5.0,901.0,AET_no_attention,13.629692200342266
random,multiline,-5.0,902.0,AET_old_queries,2.8826284465927188
random,multiline,-5.0,902.0,AET_frozen_qk,3.7233069638535614
random,multiline,-5.0,902.0,AET_short_attention,8.12768164996667
random,multiline,-5.0,902.0,AET_no_attention,15.106971240334705
random,multiline,-5.0,903.0,AET_old_queries,0.06322233937173927
random,multiline,-5.0,903.0,AET_frozen_qk,2.6919511956361166
random,multiline,-5.0,903.0,AET_short_attention,8.583043657429341
random,multiline,-5.0,903.0,AET_no_attention,14.769153164946692
random,multiline,-5.0,904.0,AET_old_queries,1.5576386804785542
random,multiline,-5.0,904.0,AET_frozen_qk,3.715565420408172
random,multiline,-5.0,904.0,AET_short_attention,6.865123676585272
random,multiline,-5.0,904.0,AET_no_attention,12.898992337412523
random,multiline,0.0,900.0,AET_old_queries,0.8879260686206081
random,multiline,0.0,900.0,AET_frozen_qk,4.5100391603594066
random,multiline,0.0,900.0,AET_short_attention,8.10475222289291
random,multiline,0.0,900.0,AET_no_attention,17.892744681130374
random,multiline,0.0,901.0,AET_old_queries,2.4872543556069076
random,multiline,0.0,901.0,AET_frozen_qk,5.063503827771546
random,multiline,0.0,901.0,AET_short_attention,8.338119441828571
random,multiline,0.0,901.0,AET_no_attention,15.773993511007856
random,multiline,0.0,902.0,AET_old_queries,1.8798135346827571
random,multiline,0.0,902.0,AET_frozen_qk,4.608025466868368
random,multiline,0.0,902.0,AET_short_attention,8.990379750555329
random,multiline,0.0,902.0,AET_no_attention,18.26616591083397
random,multiline,0.0,903.0,AET_old_queries,-0.3873063014467988
random,multiline,0.0,903.0,AET_frozen_qk,4.601389940291707
random,multiline,0.0,903.0,AET_short_attention,10.047951459392266
random,multiline,0.0,903.0,AET_no_attention,17.902622655710708
random,multiline,0.0,904.0,AET_old_queries,2.6442509303604
random,multiline,0.0,904.0,AET_frozen_qk,5.428362552385099
random,multiline,0.0,904.0,AET_short_attention,7.98221774286948
random,multiline,0.0,904.0,AET_no_attention,16.01744982055908
random,single,-20.0,900.0,AET_old_queries,-1.568102432120082
random,single,-20.0,900.0,AET_frozen_qk,-0.18785861607592924
random,single,-20.0,900.0,AET_short_attention,4.018553671460641
random,single,-20.0,900.0,AET_no_attention,4.876595288463479
random,single,-20.0,901.0,AET_old_queries,-1.3865134466846678
random,single,-20.0,901.0,AET_frozen_qk,-0.05215456188431755
random,single,-20.0,901.0,AET_short_attention,5.049871810785235
random,single,-20.0,901.0,AET_no_attention,6.264473396957978
random,single,-20.0,902.0,AET_old_queries,-1.3003890808349663
random,single,-20.0,902.0,AET_frozen_qk,-0.09556380246939433
random,single,-20.0,902.0,AET_short_attention,5.606846986076288
random,single,-20.0,902.0,AET_no_attention,6.410247088794158
random,single,-20.0,903.0,AET_old_queries,-0.336443954009781
random,single,-20.0,903.0,AET_frozen_qk,-0.23941630171149608
random,single,-20.0,903.0,AET_short_attention,3.7011132781875924
random,single,-20.0,903.0,AET_no_attention,4.833855635220097
random,single,-20.0,904.0,AET_old_queries,-1.472589282264865
random,single,-20.0,904.0,AET_frozen_qk,-0.15517919101710786
random,single,-20.0,904.0,AET_short_attention,3.309049830696212
random,single,-20.0,904.0,AET_no_attention,3.92385256452427
random,single,-15.0,900.0,AET_old_queries,-0.5131879690991692
random,single,-15.0,900.0,AET_frozen_qk,-0.06625305242763524
random,single,-15.0,900.0,AET_short_attention,5.768812481599646
random,single,-15.0,900.0,AET_no_attention,10.198985644719164
random,single,-15.0,901.0,AET_old_queries,0.31389668376449364
random,single,-15.0,901.0,AET_frozen_qk,-4.8173329071588e-05
random,single,-15.0,901.0,AET_short_attention,6.536473234318469
random,single,-15.0,901.0,AET_no_attention,11.26709421310252
random,single,-15.0,902.0,AET_old_queries,-0.8186392834318408
random,single,-15.0,902.0,AET_frozen_qk,0.05374567182544787
random,single,-15.0,902.0,AET_short_attention,6.849135052833155
random,single,-15.0,902.0,AET_no_attention,10.708908629443593
random,single,-15.0,903.0,AET_old_queries,-0.6400370073030448
random,single,-15.0,903.0,AET_frozen_qk,-0.030132151969278098
random,single,-15.0,903.0,AET_short_attention,6.132102087943451
random,single,-15.0,903.0,AET_no_attention,9.963153493878165
random,single,-15.0,904.0,AET_old_queries,0.1856020312132145
random,single,-15.0,904.0,AET_frozen_qk,-0.01813117184545021
random,single,-15.0,904.0,AET_short_attention,6.227651432311449
random,single,-15.0,904.0,AET_no_attention,9.624844263120321
random,single,-10.0,900.0,AET_old_queries,-0.9561946543606616
random,single,-10.0,900.0,AET_frozen_qk,0.0018218140058916532
random,single,-10.0,900.0,AET_short_attention,5.540117916426237
random,single,-10.0,900.0,AET_no_attention,13.882803440325294
random,single,-10.0,901.0,AET_old_queries,-0.6148367282209044
random,single,-10.0,901.0,AET_frozen_qk,-0.0020951542171410154
random,single,-10.0,901.0,AET_short_attention,6.701423891452292
random,single,-10.0,901.0,AET_no_attention,14.885426024938043
random,single,-10.0,902.0,AET_old_queries,-1.520093685464106
random,single,-10.0,902.0,AET_frozen_qk,-0.008841993947582338
random,single,-10.0,902.0,AET_short_attention,6.692291351367387
random,single,-10.0,902.0,AET_no_attention,13.571155923931485
random,single,-10.0,903.0,AET_old_queries,-0.6305973234488551
random,single,-10.0,903.0,AET_frozen_qk,-0.385788718528957
random,single,-10.0,903.0,AET_short_attention,7.0183978888961125
random,single,-10.0,903.0,AET_no_attention,14.146190218514096
random,single,-10.0,904.0,AET_old_queries,-0.9052090055491764
random,single,-10.0,904.0,AET_frozen_qk,-0.10176349984314292
random,single,-10.0,904.0,AET_short_attention,6.376244406840877
random,single,-10.0,904.0,AET_no_attention,13.091642058873157
random,single,-5.0,900.0,AET_old_queries,-1.385054026204525
random,single,-5.0,900.0,AET_frozen_qk,-0.1589233300738293
random,single,-5.0,900.0,AET_short_attention,4.878082128949
random,single,-5.0,900.0,AET_no_attention,15.734146423551394
random,single,-5.0,901.0,AET_old_queries,-0.5783423420431362
random,single,-5.0,901.0,AET_frozen_qk,0.6318553456907914
random,single,-5.0,901.0,AET_short_attention,6.4981694791772
random,single,-5.0,901.0,AET_no_attention,17.239391481539812
random,single,-5.0,902.0,AET_old_queries,-1.69718476366468
random,single,-5.0,902.0,AET_frozen_qk,0.6601855284374132
random,single,-5.0,902.0,AET_short_attention,6.395383107261399
random,single,-5.0,902.0,AET_no_attention,15.54273244991465
random,single,-5.0,903.0,AET_old_queries,-0.0021332225961749884
random,single,-5.0,903.0,AET_frozen_qk,0.29832257571933596
random,single,-5.0,903.0,AET_short_attention,7.480344678337438
random,single,-5.0,903.0,AET_no_attention,16.864938604443694
random,single,-5.0,904.0,AET_old_queries,-0.5120708232891573
random,single,-5.0,904.0,AET_frozen_qk,0.17513797805947817
random,single,-5.0,904.0,AET_short_attention,6.62993604380692
random,single,-5.0,904.0,AET_no_attention,15.91569100004356
random,single,0.0,900.0,AET_old_queries,-0.5786599541311332
random,single,0.0,900.0,AET_frozen_qk,0.6261073547883207
random,single,0.0,900.0,AET_short_attention,5.154527066277652
random,single,0.0,900.0,AET_no_attention,16.17776829331926
random,single,0.0,901.0,AET_old_queries,0.12463092279151766
random,single,0.0,901.0,AET_frozen_qk,1.0499635650707546
random,single,0.0,901.0,AET_short_attention,6.216061302681489
random,single,0.0,901.0,AET_no_attention,17.049621381428025
random,single,0.0,902.0,AET_old_queries,-1.77343973048173
random,single,0.0,902.0,AET_frozen_qk,0.10711832319820047
random,single,0.0,902.0,AET_short_attention,5.499041631759621
random,single,0.0,902.0,AET_no_attention,14.68065619909348
random,single,0.0,903.0,AET_old_queries,0.12432305327038762
random,single,0.0,903.0,AET_frozen_qk,0.09444595007463263
random,single,0.0,903.0,AET_short_attention,6.5188284378343155
random,single,0.0,903.0,AET_no_attention,16.246042094877968
random,single,0.0,904.0,AET_old_queries,0.022313093426383546
random,single,0.0,904.0,AET_frozen_qk,0.24162264933191935
random,single,0.0,904.0,AET_short_attention,6.221501322828654
random,single,0.0,904.0,AET_no_attention,15.679303495744495
