scene,requested_snr_db,algorithm,samples,output_snr_db_mean,output_snr_db_std,mse_mean,mse_std,weakest_tone_retention_mean,weakest_tone_retention_std,strongest_tone_retention_mean,strongest_tone_retention_std
single,-20,ALE,3,-5.715550003853436,0.22294385239673803,0.037590402871403146,0.002014451037323941,0.19472594327668336,0.03298836746841617,0.19472594327668336,0.03298836746841617
single,-20,AE,3,-2.5879436281121677,0.220243689593357,0.01829220816828155,0.0009201237946801498,0.2157469332400194,0.08900623539899466,0.2157469332400194,0.08900623539899466
single,-20,AET,3,-7.9960907358599576,2.6210639882326703,0.07206019978987048,0.04553501841422223,0.6379164556656906,0.13829140625540576,0.6379164556656906,0.13829140625540576
single,-20,AET_spectral,3,19.036209018677834,5.071271775981299,0.00017562477521928878,0.00012556525415999872,1.0055581094049464,0.07031009065892754,1.0055581094049464,0.07031009065892754
single,-20,spectral_only,3,18.436962535439786,3.837737579518422,0.00017919169752251925,0.00011964356096257585,1.0287908775140482,0.06915455140371055,1.0287908775140482,0.06915455140371055
single,-20,AET_regularized,3,-11.789474582161946,0.21858805386594907,0.15220966359396612,0.007759569991160653,0.7774120377072578,0.09578144534068453,0.7774120377072578,0.09578144534068453
single,-20,AET_early_stop,3,-1.5725912520750585,0.31367316046071025,0.01449317575406695,0.0010759213236446908,0.001054320722103209,0.0005839405890041155,0.001054320722103209,0.0005839405890041155
single,-15,ALE,3,-1.9861808348688512,0.17510315010503064,0.05034861971139606,0.0021393523696048074,0.4053231827388646,0.0405653183340686,0.4053231827388646,0.0405653183340686
single,-15,AE,3,2.0425344883774215,0.7369574318539961,0.02008805575330277,0.003293913615313852,0.9310713739313168,0.06767814964639093,0.9310713739313168,0.06767814964639093
single,-15,AET,3,-4.037621610028402,2.024985283124109,0.08713781228754948,0.04354984947589729,1.0295721813379617,0.043732598178350894,1.0295721813379617,0.043732598178350894
single,-15,AET_spectral,3,23.1594540472168,4.194717092166783,0.00019861724765648427,0.0001428292710504095,1.014935158404001,0.03694699730084514,1.014935158404001,0.03694699730084514
single,-15,spectral_only,3,23.160909328581386,3.9888167734527777,0.00019420731602645325,0.00013468297022253706,1.0166164687191335,0.036704246845800564,1.0166164687191335,0.036704246845800564
single,-15,AET_regularized,3,-6.660361423443639,0.2191169815259255,0.1477523967209566,0.007579878647829005,1.0496310155142234,0.052979305788984764,1.0496310155142234,0.052979305788984764
single,-15,AET_early_stop,3,0.6496141154181817,2.120669962672112,0.0294484107334422,0.012029456074865092,0.271424194387573,0.4692021364913196,0.271424194387573,0.4692021364913196
single,-10,ALE,3,1.6243690217673874,0.1666949749617979,0.06932776764632989,0.002790096692100615,0.6823531235200669,0.03496064259289038,0.6823531235200669,0.03496064259289038
single,-10,AE,3,6.709061373778812,0.2163360653317639,0.021506886453526983,0.0010823941545358834,1.0270351851012844,0.047077302854171096,1.0270351851012844,0.047077302854171096
single,-10,AET,3,1.526141853033775,1.8414524735209126,0.07554768341014209,0.03460989271237664,1.0072047911941717,0.005698046843608356,1.0072047911941717,0.005698046843608356
single,-10,AET_spectral,3,28.031651622665105,4.3034076266748675,0.00020692709837656759,0.00015111424477051954,1.0080575103600318,0.018630691357992887,1.0080575103600318,0.018630691357992887
single,-10,spectral_only,3,27.976666761786372,4.066638122671035,0.0002045917672973835,0.0001453694921089004,1.0094969964584652,0.019957959647983036,1.0094969964584652,0.019957959647983036
single,-10,AET_regularized,3,-1.2553008858194747,0.12952731528145686,0.13451955960253617,0.004236156992343647,1.0624983064109628,0.016874812153359318,1.0624983064109628,0.016874812153359318
single,-10,AET_early_stop,3,5.162457631441365,4.596645991480709,0.04578013275342177,0.05043026731926962,0.6643647173462299,0.575173148692668,0.6643647173462299,0.575173148692668
single,-5,ALE,3,5.62155994700482,0.17328205849122927,0.0873378479721613,0.0036053944323334772,0.8907544082767332,0.022210187423688403,0.8907544082767332,0.022210187423688403
single,-5,AE,3,11.392688588360471,0.30385378127190227,0.02314977523658207,0.0016044214241158717,1.01777183682455,0.012014715996259232,1.01777183682455,0.012014715996259232
single,-5,AET,3,8.218740082360668,0.3816584091473508,0.0481284726602687,0.004331451349584873,1.0033204758448162,0.00882753752138302,1.0033204758448162,0.00882753752138302
single,-5,AET_spectral,3,32.92933949454298,4.394146395433809,0.00021461538101115248,0.00016191818264459955,1.004440552143062,0.010856347601661593,1.004440552143062,0.010856347601661593
single,-5,spectral_only,3,32.8634559313871,4.106791867745831,0.00021113260967430556,0.00015222987169398117,1.005392446082799,0.011009745616087283,1.005392446082799,0.011009745616087283
single,-5,AET_regularized,3,5.200732610535678,0.17548489566730172,0.0962270736292692,0.0040949332960702545,1.0395620819091194,0.011465514391069366,1.0395620819091194,0.011465514391069366
single,-5,AET_early_stop,3,12.671989479943084,0.24607948280944164,0.017234355108434546,0.0009849656201435795,0.9988879035305108,0.010631720483244804,0.9988879035305108,0.010631720483244804
single,0,ALE,3,10.081811251509933,0.18065852025695123,0.09889945346241182,0.004197339484075867,0.9810555332330911,0.011155786613064104,0.9810555332330911,0.011155786613064104
single,0,AE,3,16.258444048859413,0.1948958187583046,0.023852895635060756,0.0010398280510644658,1.0094326631247041,0.006130667795487708,1.0094326631247041,0.006130667795487708
single,0,AET,3,14.440843120278714,0.738017548716274,0.03657198306536469,0.0060867098055468055,1.0086902796299968,0.009136362903842177,1.0086902796299968,0.009136362903842177
single,0,AET_spectral,3,37.902574970976275,4.499986038566314,0.00021814060783037896,0.0001653342961004303,1.002907434225498,0.005767818809382732,1.002907434225498,0.005767818809382732
single,0,spectral_only,3,37.796638652177855,4.128003749386721,0.00021505241625386487,0.00015638578850718594,1.003049443129088,0.006124302718883561,1.003049443129088,0.006124302718883561
single,0,AET_regularized,3,13.13410128178512,0.2256498267575612,0.04899049418108129,0.0026039612674497747,1.0197130303098003,0.006529740998227309,1.0197130303098003,0.006529740998227309
single,0,AET_early_stop,3,17.1415885730147,0.09145133912975521,0.019454337684498252,0.00040591728281287294,0.9992538895168632,0.0016447967151048768,0.9992538895168632,0.0016447967151048768
multiline,-20,ALE,3,-5.743476602001372,0.28208656735040266,0.037834791302598224,0.0025433397893447414,0.16087779595956,0.1298315709350145,0.17903875058955002,0.10624940447441532
multiline,-20,AE,3,-3.09484129092626,0.6734673439270001,0.02069111374239037,0.003068897035281338,0.061751374173082636,0.02544771787526356,0.14589016691279127,0.1804539637224684
multiline,-20,AET,3,-7.391110384889728,2.871828401428484,0.06364744890720526,0.040384147178963145,0.10063419140493508,0.01863400400134796,0.31294753847595547,0.133915862032702
multiline,-20,AET_spectral,3,8.694798207358195,3.1791927300946297,0.0016480658226664358,0.0013089855940303951,8.181561805054862e-05,5.0885892193150236e-05,0.9969157303717274,0.06219941454209835
multiline,-20,spectral_only,3,8.577008923927847,3.120180081459052,0.0016816570133696368,0.0013134735923659147,8.50493712950093e-05,5.296107890350846e-05,1.0345019732948801,0.06293394855179467
multiline,-20,AET_regularized,3,-11.749367836111468,0.16782635783283495,0.15068185041149804,0.005917219534073254,0.3063510302416489,0.15607230084954687,0.5126197457044395,0.2985273183989506
multiline,-20,AET_early_stop,3,-1.591581105584244,0.301090456578396,0.014547260383844436,0.0010278460159594527,0.0029275192191940726,0.0010885279113516195,0.002351690089053265,0.0014051889944124002
multiline,-15,ALE,3,-2.2708688181129113,0.24747573673830847,0.05376281081746714,0.0031571720571024757,0.12046084678333242,0.13753433082930763,0.3408181480628629,0.10595370846296488
multiline,-15,AE,3,0.47793716473523623,0.4180737887573791,0.028607874275403834,0.002788317346042186,0.04568324650279897,0.02531145187164267,0.5896675072838341,0.279259603600901
multiline,-15,AET,3,-3.166676690397061,2.4066386847205647,0.0731222125666715,0.04027549166702444,0.07126029225080778,0.04540563330760393,0.8834055891686421,0.21554132597942346
multiline,-15,AET_spectral,3,13.859503151229179,4.107781444234401,0.0016534866500903418,0.0010519116679041688,0.42357368624121694,0.7334858083814766,1.0109906989335775,0.04074284891463602
multiline,-15,spectral_only,3,13.506023844117763,3.504383660119508,0.0016953069569906269,0.000984296240471755,0.4451157073863646,0.7707937995830952,1.0189460636899164,0.037122590682804844
multiline,-15,AET_regularized,3,-6.768216034663454,0.14589888439259113,0.1513196678760742,0.00525899801567014,0.3024243353117447,0.12897888519295186,0.8837686998501363,0.2180816240997501
multiline,-15,AET_early_stop,3,-0.5628715505424652,0.12263381562601844,0.036250442479525295,0.00108143011465428,0.0016933654175680813,0.0006364164774330475,0.001323289614380647,0.0008876804340479977
multiline,-10,ALE,3,0.7437800806648944,0.1692998463887583,0.08487072802442168,0.0034477654841489898,0.15571591522760803,0.1374847938856977,0.593186646188311,0.08688699445679182
multiline,-10,AE,3,5.173447114680851,0.4711763981053858,0.030708481354129413,0.0033805701995748114,0.02018799636163548,0.008805540029688023,0.981939368113825,0.07463475462068189
multiline,-10,AET,3,0.2050198991369804,1.1445698378688716,0.09827447492151002,0.02561497509692951,0.17673925250023267,0.0691823871498968,1.0236502040982665,0.06161735822862792
multiline,-10,AET_spectral,3,22.651310071143882,1.764004099257915,0.0005785823398058256,0.0002459938966143008,0.9765073166165227,0.14088946864003396,1.0106639631425982,0.02191832104261732
multiline,-10,spectral_only,3,22.515854272982924,1.7445311427158972,0.0005937792252062452,0.000224511310389348,1.019158925345984,0.14801256030955134,1.0105551262066106,0.021446784477796604
multiline,-10,AET_regularized,3,-1.4378276910552348,0.21908634180201336,0.1403056688501236,0.007366270192309141,0.35863228037525974,0.1355015186976603,1.0345718451046475,0.09729782890978217
multiline,-10,AET_early_stop,3,1.6627706152476474,3.240466621165913,0.08010718121867179,0.04429283360544448,0.0045539211734908136,0.005804332304185107,0.3368482240203692,0.5825467593452153
multiline,-5,ALE,3,3.9516867568468395,0.06988462494966999,0.12816627502795827,0.0022661665469552875,0.297970801991043,0.11094381176734146,0.8239014645066018,0.05634352305423044
multiline,-5,AE,3,8.645613219964924,0.1008846219969078,0.04349276916735088,0.0010240166092751236,0.00929561037133701,0.004144123581955949,0.9930673999393719,0.020033583187560097
multiline,-5,AET,3,6.421046308460774,1.0511600639266563,0.07406439155968902,0.018728876696537285,0.18480138760356546,0.07295207027955763,1.023209429621845,0.03106625772351081
multiline,-5,AET_spectral,3,27.548786936530302,1.600213839644779,0.000586800327727501,0.00022990313596237707,0.9746029846696653,0.07501710383971784,1.0064691117982232,0.012227028274636953
multiline,-5,spectral_only,3,27.560532071637365,1.651749142337754,0.0005839851259723132,0.00020184877266787686,1.0151675080965459,0.07829928420037771,1.0059150222646382,0.01224488636302776
multiline,-5,AET_regularized,3,4.893136523611095,0.1841983532818562,0.10324460348559113,0.004602558667637309,0.5426695947401583,0.14990696372036053,1.0250729641473884,0.05041743672659138
multiline,-5,AET_early_stop,3,8.774307137177528,0.07009836022158093,0.04221947591562697,0.0007561128422250942,0.002894934441821935,0.0017090151499549828,0.9883617913614463,0.013986084649383107
multiline,0,ALE,3,7.689400445682881,0.10884103162752869,0.17141450983438042,0.004270509916081128,0.5384619958383925,0.07371872053067469,0.9463705810279718,0.032460076997259814
multiline,0,AE,3,10.730728009374,0.028484867206987965,0.08508101713857848,0.0006352279173488515,0.009670197362807763,0.004756845117083409,0.9939547811804627,0.011525324202873308
multiline,0,AET,3,12.187860262810538,0.8465122752985856,0.06161718294167782,0.012136128243791958,0.8465243273952803,0.05115479241430933,1.0129455299800203,0.0229980174181265
multiline,0,AET_spectral,3,32.62670504500448,1.5276426561084693,0.0005722116033929913,0.00019334571398783187,1.003118638140147,0.0408490284051054,1.0034832612129936,0.007168019526582126
multiline,0,spectral_only,3,32.57760146786137,1.6162749686824247,0.0005803193406671812,0.00019291388301439843,1.0097464857272958,0.04277738958095204,1.0033221113929058,0.006945316732647246
multiline,0,AET_regularized,3,11.892253896703409,0.22325091194109412,0.06517384440621853,0.003428013564224084,0.7410994870737807,0.07338324872510604,1.0184936220242058,0.029659092755559665
multiline,0,AET_early_stop,3,10.717538996331477,0.06017315281150565,0.08534502769405179,0.0013231939545429428,0.0012933524201128685,0.00026682427154626223,0.990938110813929,0.01470381443374067
