epoch,training_mse,validation_mse
1,1.0205010688892928,1.0049180192177545
2,1.003930410996681,1.0028172919294596
3,1.001747812925433,1.0030879360555198
4,0.9990261787790888,1.003471668476433
5,0.9954419392641349,1.0035996484460739
6,0.9896511534404328,1.0048819585719486
7,0.981674105062613,1.0066705195766266
8,0.9709046835856587,1.0094127787581524
9,0.9578947408851487,1.0128763259482674
10,0.9438696145476781,1.0180249958623648
11,0.9285309197122206,1.0212364767665112
12,0.9130776086195702,1.0265093542253043
13,0.8978540052747512,1.032983462083689
14,0.8830513203090616,1.0391497961238565
15,0.8690800610679148,1.046080739727376
16,0.8555481583548233,1.0546359825431804
17,0.8427231164791125,1.0624396507358609
18,0.8309329234965713,1.0705174345654287
19,0.8195171904136247,1.0788354055771063
20,0.8088644585267311,1.0855767354643484
21,0.7983619188513991,1.0952715569344225
22,0.788335752059526,1.1011911597600166
23,0.778711355053256,1.1088468783896186
24,0.7699895271271333,1.118120226967585
25,0.7606415425180855,1.1245406521320296
26,0.7523601865020033,1.1299879295355262
27,0.7440351969458062,1.1390378744483902
28,0.7358849925310622,1.1439428078050828
29,0.7287552984840667,1.1518999927219498
30,0.7212154940104806,1.1582837368476406
31,0.7138263353317842,1.1650018438510115
32,0.7069819329030845,1.1694825003600002
33,0.7002256678358856,1.1757694172184525
34,0.6938417965521192,1.1822981045647762
35,0.6876043292439037,1.1895192894425113
36,0.6811225347454772,1.1948896422916424
37,0.6752904346170981,1.1987826375206032
38,0.6692996279006581,1.2051516669625892
39,0.6637553671550324,1.208731178443628
40,0.658147759768995,1.2143774062876431
41,0.6529752195148725,1.218276477381477
42,0.6474759402296468,1.2249148385581807
43,0.6427243017829587,1.2286679133953136
44,0.6376303461100489,1.231489344482392
45,0.6334188989459666,1.2348870882375576
46,0.6290756806129832,1.2421458584363738
47,0.6243350880028421,1.2456468680314743
48,0.6200782370674236,1.250773919142846
49,0.6155246544311934,1.254013141471789
50,0.6113103705671336,1.2570872410110376
51,0.6073337218686604,1.2604794011999363
52,0.6034481728558049,1.2652999287201998
53,0.5997419020520197,1.2699322385844667
54,0.5957825844063352,1.2730920769329757
55,0.5923684455888688,1.2758250737157943
56,0.5888134275851228,1.2787033696786418
57,0.5853491350674308,1.2831768154615706
58,0.5820315560417859,1.2870651777194746
59,0.578783663131731,1.2897829812654191
60,0.5755034944401728,1.2922735832580474
