scene,requested_snr_db,algorithm,seeds,output_snr_db_mean,output_snr_db_std,snr_gain_db_mean,snr_gain_db_std,input_snr_db_mean,input_snr_db_std,weakest_tone_retention_mean,weakest_tone_retention_std,selected_epoch_mean,selected_epoch_std,stopped_epoch_mean,stopped_epoch_std
single,-20,ALE,3,-5.715550003853436,0.22294385239673803,14.301867362590036,0.20929995213976405,-20.017417366443468,0.01949653842919949,0.1947259432766836,0.0329883674684163,0.0,0.0,0.0,0.0
single,-20,AE,3,-2.5879436281121677,0.220243689593357,17.4294737383313,0.2397389683171081,-20.017417366443468,0.01949653842919949,0.21574693324001956,0.08900623539899462,60.0,0.0,60.0,0.0
single,-20,AET_ES,3,-1.5725912520750585,0.31367316046071025,18.44482611436841,0.2975611788648312,-20.017417366443468,0.01949653842919949,0.0010543207221032078,0.0005839405890041024,11.0,5.0,21.0,5.0
single,-15,ALE,3,-1.9861808348688512,0.17510315010503064,13.031236531574619,0.16490208848777332,-15.01741736644347,0.019496538429198466,0.4053231827388643,0.04056531833406817,0.0,0.0,0.0,0.0
single,-15,AE,3,2.0425344883774215,0.7369574318539961,17.05995185482089,0.7510833680124694,-15.01741736644347,0.019496538429198466,0.9310713739313163,0.06767814964639177,60.0,0.0,60.0,0.0
single,-15,AET_ES,3,0.6496141154181817,2.120669962672112,15.667031481861654,2.1290316429095744,-15.01741736644347,0.019496538429198466,0.2714241943875727,0.4692021364913191,18.666666666666668,17.7857620959388,28.666666666666668,17.7857620959388
single,-10,ALE,3,1.6243690217673874,0.1666949749617979,11.641786388210855,0.16241644660238574,-10.017417366443468,0.01949653842919798,0.6823531235200674,0.034960642592891514,0.0,0.0,0.0,0.0
single,-10,AE,3,6.709061373778812,0.2163360653317639,16.72647874022228,0.22160872466206047,-10.017417366443468,0.01949653842919798,1.0270351851012844,0.04707730285417175,60.0,0.0,60.0,0.0
single,-10,AET_ES,3,5.162457631441365,4.596645991480709,15.179874997884832,4.616126291017671,-10.017417366443468,0.01949653842919798,0.6643647173462303,0.5751731486926682,17.333333333333332,6.027713773341707,27.333333333333332,6.027713773341707
single,-5,ALE,3,5.62155994700482,0.17328205849122927,10.638977313448288,0.17359892466444646,-5.017417366443468,0.019496538429197952,0.8907544082767341,0.0222101874236872,0.0,0.0,0.0,0.0
single,-5,AE,3,11.392688588360471,0.30385378127190227,16.41010595480394,0.31939658798619663,-5.017417366443468,0.019496538429197952,1.0177718368245505,0.012014715996258809,60.0,0.0,60.0,0.0
single,-5,AET_ES,3,12.671989479943084,0.24607948280944164,17.68940684638655,0.22685395116521254,-5.017417366443468,0.019496538429197952,0.9988879035305117,0.010631720483243786,14.333333333333334,4.163331998932265,24.333333333333332,4.163331998932266
single,0,ALE,3,10.081811251509933,0.18065852025695123,10.0992286179534,0.18487161882203199,-0.017417366443467804,0.019496538429197647,0.981055533233091,0.011155786613064825,0.0,0.0,0.0,0.0
single,0,AE,3,16.258444048859413,0.1948958187583046,16.27586141530288,0.21315562653566528,-0.017417366443467804,0.019496538429197647,1.0094326631247046,0.006130667795489161,60.0,0.0,60.0,0.0
single,0,AET_ES,3,17.1415885730147,0.09145133912975521,17.15900593945817,0.10829364397284887,-0.017417366443467804,0.019496538429197647,0.9992538895168632,0.0016447967151045919,12.0,2.6457513110645907,22.0,2.6457513110645907
multiline,-20,ALE,3,-5.743476602001372,0.28208656735040266,14.276088069894007,0.267026436842637,-20.01956467189538,0.01949653842919949,0.16087779595955998,0.12983157093501446,0.0,0.0,0.0,0.0
multiline,-20,AE,3,-3.09484129092626,0.6734673439270001,16.924723380969123,0.6820558014176864,-20.01956467189538,0.01949653842919949,0.06175137417308271,0.02544771787526354,60.0,0.0,60.0,0.0
multiline,-20,AET_ES,3,-1.591581105584244,0.301090456578396,18.427983566311134,0.28359478999864035,-20.01956467189538,0.01949653842919949,0.0029275192191940643,0.001088527911351623,10.0,3.605551275463989,20.0,3.605551275463989
multiline,-15,ALE,3,-2.2708688181129113,0.24747573673830847,12.748695853782467,0.23095018034742842,-15.01956467189538,0.01949653842919798,0.12046084678333246,0.13753433082930785,0.0,0.0,0.0,0.0
multiline,-15,AE,3,0.47793716473523623,0.4180737887573791,15.497501836630613,0.4006724629192181,-15.01956467189538,0.01949653842919798,0.04568324650279961,0.0253114518716427,60.0,0.0,60.0,0.0
multiline,-15,AET_ES,3,-0.5628715505424652,0.12263381562601844,14.456693121352913,0.105852217415859,-15.01956467189538,0.01949653842919798,0.001693365417568088,0.0006364164774330412,9.666666666666666,3.214550253664318,19.666666666666668,3.2145502536643185
multiline,-10,ALE,3,0.7437800806648944,0.1692998463887583,10.763344752560272,0.15265437843826385,-10.01956467189538,0.01949653842919949,0.15571591522760864,0.13748479388569776,0.0,0.0,0.0,0.0
multiline,-10,AE,3,5.173447114680851,0.4711763981053858,15.193011786576228,0.4900599541066152,-10.01956467189538,0.01949653842919949,0.020187996361636457,0.00880554002968833,60.0,0.0,60.0,0.0
multiline,-10,AET_ES,3,1.6627706152476474,3.240466621165913,11.682335287143026,3.2209757154696805,-10.01956467189538,0.01949653842919949,0.004553921173490871,0.0058043323041852045,16.0,14.798648586948742,26.0,14.798648586948742
multiline,-5,ALE,3,3.9516867568468395,0.06988462494966999,8.971251428742217,0.06783678656468638,-5.019564671895378,0.019496538429198493,0.2979708019910437,0.11094381176734165,0.0,0.0,0.0,0.0
multiline,-5,AE,3,8.645613219964924,0.1008846219969078,13.665177891860301,0.11318196768438173,-5.019564671895378,0.019496538429198493,0.009295610371338298,0.004144123581956687,60.0,0.0,60.0,0.0
multiline,-5,AET_ES,3,8.774307137177528,0.07009836022158093,13.793871809072906,0.05884655672261255,-5.019564671895378,0.019496538429198493,0.0028949344418215963,0.0017090151499544034,20.0,2.6457513110645907,30.0,2.6457513110645907
multiline,0,ALE,3,7.689400445682881,0.10884103162752869,7.708965117578259,0.12507167925510337,-0.01956467189537852,0.019496538429197404,0.5384619958383929,0.0737187205306748,0.0,0.0,0.0,0.0
multiline,0,AE,3,10.730728009374,0.028484867206987965,10.750292681269379,0.04020797580955211,-0.01956467189537852,0.019496538429197404,0.009670197362808912,0.004756845117083669,60.0,0.0,60.0,0.0
multiline,0,AET_ES,3,10.717538996331477,0.06017315281150565,10.737103668226856,0.045007119908156944,-0.01956467189537852,0.019496538429197404,0.0012933524201136739,0.00026682427154557284,16.0,4.358898943540674,26.0,4.358898943540674
