scene,requested_snr_db,noise_seed,model_seed,epochs,final_training_loss,output_snr_db,tone_error_over_signal,dc_error_over_signal,other_error_over_signal,other_error_fraction,non_tone_target_noise_correlation
single,-20,42,0,10,0.013672346211635746,-1.6144576238621988,1.0011869735107748,0.004956910206029363,0.4441157611064983,0.3062318962620029,0.07697177832464672
single,-20,42,0,30,0.013659415599543418,-1.6444834125562344,0.9959707746526169,0.03200566444446732,0.4323445967905711,0.2960613359430041,0.08484065791727541
single,-20,42,0,60,0.011989160123460763,-5.775778793987502,0.14942266241088853,0.02392345309190949,3.6074031755989386,0.954150327843536,0.5311747947233968
single,-20,42,0,120,0.008479000996347233,-12.889830737759166,0.04400071052638466,0.014792206251054848,19.39404972819941,0.9969776696470312,0.806235575814093
single,0,42,0,10,0.008907288024744912,17.46362319634186,0.00037504965375717103,8.38263078831853e-05,0.01747349359437717,0.9744107458745535,0.13157674648072362
single,0,42,0,30,0.008799957750457017,16.377178367285346,0.00012332058044750498,0.00023509546315963667,0.022670959570153325,0.9844365713765605,0.16166562602890838
single,0,42,0,60,0.008619225563088875,15.21970255592753,0.0007909495986953875,9.98132522631281e-05,0.029172059078291575,0.9703699521936151,0.24314003988863755
single,0,42,0,120,0.006255704425108272,7.801864986760366,0.0005438055360578458,6.128279650553389e-05,0.1652823502247267,0.9963524162056767,0.7429057749862849
multiline,-20,42,0,10,0.013981204233529054,-1.6260346471195974,1.0020412186751835,0.006887557688374176,0.445201994721245,0.30616365706168075,0.07671535546651073
multiline,-20,42,0,30,0.013974391968060502,-1.602544226398458,1.0007079333657611,0.017419583479301247,0.4281592836440235,0.29604037283561874,0.08247776304666547
multiline,-20,42,0,60,0.013024085184617694,-4.5476899412821865,0.7163641646202411,0.013947439226331085,2.1191905798475466,0.7437055468756331,0.4853134498008265
multiline,-20,42,0,120,0.00957334665957454,-11.030895480279,0.3538558940141548,0.03477083875488434,12.290505991453825,0.9693491076068168,0.775671193021533
multiline,0,42,0,10,0.01069567588496235,10.311496885042793,0.06881866805819752,0.00018938277381664104,0.024070649701384558,0.2586053475547559,0.11625417797827654
multiline,0,42,0,30,0.009857434725113247,10.811982954273272,0.06103414177864964,0.00016158999660190174,0.021751463295041736,0.26223265628944536,0.16733597590541663
multiline,0,42,0,60,0.008897022991503835,13.011715951340385,0.0010147750159111078,9.639347692880554e-05,0.04887253192305554,0.9777693831470199,0.30645140569796214
multiline,0,42,0,120,0.006963892376275875,7.884942494955755,0.0008762699426843369,0.00028512326244198874,0.1615828932461206,0.9928636929108153,0.676071620210628
