scene,requested_snr_db,algorithm,noise_seed,observation,clipped_fraction,output_snr_db,tone_error_over_signal,dc_error_over_signal,other_error_over_signal,other_error_fraction,non_tone_target_noise_correlation
single,-20,AE,42,training_observation,0.0,-2.4702727399945745,0.7904601174051803,0.016446394797084637,0.9592422203859822,0.5431265230874611,0.302107111422766
single,-20,AE,1042,independent_noise,0.0,-2.0496168058128865,0.8843062132418389,0.012904271906621096,0.7058934514736034,0.44032918599214854,0.014601980895986718
single,-20,AE,1043,independent_noise,0.0,-2.146294676713705,0.8935962356148032,0.01942999269745355,0.7261644198076148,0.44300180741057577,0.0021584910525324704
single,-20,AE,1044,independent_noise,0.0,-2.128186852161023,0.8855259121976277,0.006232998251395915,0.7406113924488783,0.4537030544687639,-0.008233753700748438
single,-20,AET,42,training_observation,0.0,-5.775778793987502,0.14942266241088853,0.02392345309190949,3.6074031755989386,0.954150327843536,0.5311747947233968
single,-20,AET,1042,independent_noise,0.0,-4.16472106409322,0.47338666758449816,0.044944145187399115,2.090657336423912,0.8013287975525427,0.0077142150270076305
single,-20,AET,1043,independent_noise,0.0,-4.342212657794625,0.5919331680904548,0.05008800097366174,2.0758024327955136,0.7637737899454465,0.013923416085647993
single,-20,AET,1044,independent_noise,0.0,-4.369861980386843,0.38958199970951085,0.02899451015149963,2.3166052904661094,0.8469657447227272,-0.024387852150260486
single,-10,AE,42,training_observation,0.0,6.950328436684692,0.00823294296161377,0.00013111756910062954,0.19345731245006267,0.9585571121275093,0.17380988575404938
single,-10,AE,1042,independent_noise,0.0,6.821317719448184,0.001991936312173058,1.3674463309696421e-05,0.2059009661578146,0.9903533076968208,0.002153434400454073
single,-10,AE,1043,independent_noise,0.0,7.233804254481991,0.0012571912650988816,2.3257984615907e-06,0.1878091552767352,0.9933383090494573,0.007000053180374925
single,-10,AE,1044,independent_noise,0.0,6.7529019437690145,0.0021187296754941387,0.0001389662541109916,0.20895003247022506,0.9893105430056464,-0.0010387108279213372
single,-10,AET,42,training_observation,0.0,2.830461044262553,0.005702477014358791,0.00172725621435004,0.5137096511137782,0.9857432896995825,0.4816736329144278
single,-10,AET,1042,independent_noise,0.0,4.490541693113814,0.007342354904441429,0.006205193543381446,0.3420394151890319,0.9619008854844906,-0.003968149599982802
single,-10,AET,1043,independent_noise,0.0,4.53501981340721,0.013357714994680999,0.01057904492157221,0.3280270568735509,0.9319908502681444,-0.012975931770795982
single,-10,AET,1044,independent_noise,0.0,4.239292431242754,0.003693210832451645,0.008000849722744117,0.3650711174156315,0.9689619390566367,-0.006762331367019808
single,0,AE,42,training_observation,0.0,16.284862345835222,0.0010214908812006354,7.36726277701153e-05,0.02242897703526729,0.9534451213249958,0.1544496469394114
single,0,AE,1042,independent_noise,6.25e-05,16.02571601722139,0.00022469033083489514,0.00011065051078767726,0.02463522583672093,0.986570555408604,-0.00012676251579200762
single,0,AE,1043,independent_noise,6.25e-05,16.21303275720887,0.000125022751480742,0.0001006829774431848,0.02369074471084389,0.9905627413443999,-0.003941590761416971
single,0,AE,1044,independent_noise,0.000125,16.104514835620066,0.00028213994296810024,6.604219043732635e-05,0.024173401636934048,0.9858009932528674,-0.006219903789677899
single,0,AET,42,training_observation,0.0,15.21970255592753,0.0007909495986953875,9.98132522631281e-05,0.029172059078291575,0.9703699521936151,0.24314003988863755
single,0,AET,1042,independent_noise,6.25e-05,15.143029556292227,0.0008109772341691213,0.00025787501834947317,0.02952942985402773,0.9650682267456473,-0.006756050263805273
single,0,AET,1043,independent_noise,6.25e-05,15.412302545034969,8.316283531524564e-05,0.0004304622771970282,0.028245107670374824,0.9821402035899892,-0.005655037994151075
single,0,AET,1044,independent_noise,0.000125,15.399142058593124,0.00015518351965682645,0.0003129097635781757,0.028377919666296974,0.9837726869202355,-0.013650383530191743
multiline,-20,AE,42,training_observation,0.0,-2.3181476395959604,0.9064024168201948,0.0005800809103362449,0.798372365198251,0.4681561489361362,0.23403604825119714
multiline,-20,AE,1042,independent_noise,0.0,-2.1563690497657193,0.999078354195895,0.00034045974819536806,0.6435786950123329,0.3917100856842513,0.01281305519673489
multiline,-20,AE,1043,independent_noise,0.0,-2.1394760999437334,0.9726211840052794,0.0005759222139604359,0.6634219739371234,0.4053612608950764,-0.005058176741745513
multiline,-20,AE,1044,independent_noise,0.0,-2.1262981186190206,0.953340084354274,2.01417367478913e-05,0.6783003182555892,0.41571166294715445,-0.004220893288296012
multiline,-20,AET,42,training_observation,0.0,-4.5476899412821865,0.7163641646202411,0.013947439226331085,2.1191905798475466,0.7437055468756331,0.4853134498008265
multiline,-20,AET,1042,independent_noise,0.0,-3.233527496684732,0.911485669360134,0.03516163062403491,1.1588405987849795,0.5503905291796869,0.006684110325548672
multiline,-20,AET,1043,independent_noise,0.0,-3.394066200358764,0.9127322892932108,0.017798021374135938,1.2542441985037687,0.5740840499734761,0.001007165986964305
multiline,-20,AET,1044,independent_noise,0.0,-3.3286454991401557,0.8546512042361255,0.0192478150295663,1.2782113990687016,0.5939339302385618,-0.009822847466360599
multiline,-10,AE,42,training_observation,0.0,5.544071381380791,0.07173582876717428,0.00143590794082134,0.20582097742337527,0.7377288617166515,0.16232926785086166
multiline,-10,AE,1042,independent_noise,0.0,5.088477400595205,0.10702646166673417,0.0020583995144578134,0.20076568065684597,0.6479436165123389,-0.003313046224234696
multiline,-10,AE,1043,independent_noise,6.25e-05,5.161986619428086,0.10271420828372856,0.0017787248395157642,0.2001571760251471,0.6570067431935591,-0.014381368790558452
multiline,-10,AE,1044,independent_noise,0.0,5.187808523106678,0.10141653197802758,0.0017651716330350955,0.1996624176713705,0.6592910465815687,-0.013870551567600708
multiline,-10,AET,42,training_observation,0.0,1.3727240325246346,0.042923148465051214,0.0011026559739861171,0.6849743104257758,0.9396079595307035,0.5684820395430269
multiline,-10,AET,1042,independent_noise,0.0,3.58182485387752,0.07228622215882201,0.0028642087318174747,0.36319604019659824,0.8285592884910359,0.0016930659584868959
multiline,-10,AET,1043,independent_noise,6.25e-05,3.396660758134282,0.08029325252866704,0.0012675431647552677,0.37587897908346457,0.8217015655597435,-0.030476381115063858
multiline,-10,AET,1044,independent_noise,0.0,3.5363452574899186,0.06141083572856399,0.0017241222232882204,0.37982602502610546,0.8574706116836615,-0.014350547542761709
multiline,0,AE,42,training_observation,0.0,10.763454945695702,0.06163668576915237,0.0001571879338173555,0.02208536989083494,0.2632995833604094,0.14975020481035364
multiline,0,AE,1042,independent_noise,6.25e-05,10.701233521273663,0.061919594542661605,0.00017053649478472705,0.022999501446650496,0.2702973414645901,-0.005287286449786649
multiline,0,AE,1043,independent_noise,6.25e-05,10.685930653778136,0.06235631188616371,0.000155276959555639,0.02287839563438109,0.2679283264152921,-0.011392209351813362
multiline,0,AE,1044,independent_noise,0.0,10.707849017768892,0.062099888168217515,0.00015816544218521988,0.022702062687509093,0.2672084700061462,-0.010346134177276941
multiline,0,AET,42,training_observation,0.0,13.011715951340385,0.0010147750159111078,9.639347692880554e-05,0.04887253192305554,0.9777693831470199,0.30645140569796214
multiline,0,AET,1042,independent_noise,6.25e-05,13.24887139645975,0.00326975950625561,9.941012865558983e-05,0.0439582536677126,0.9288114712400912,-0.014542295622816406
multiline,0,AET,1043,independent_noise,6.25e-05,13.120797759998775,0.004072769999185522,6.390732647506559e-05,0.04460721704618927,0.9151344516278626,-0.010985308759205665
multiline,0,AET,1044,independent_noise,0.0,13.108594492876824,0.0062913747072058145,8.955605652401754e-05,0.042500121984896416,0.8694600380940196,-0.01346256403977379
