phase,scene,requested_snr_db,noise_seed,algorithm,best_baseline,baseline_output_snr_db,output_snr_db,snr_difference_db,required_db_improvement,relative_db_improvement_percent,passes_db_10_percent,mse_reduction_percent
offgrid,single,-20,200,AET_spectral,AE,-3.046982374594773,20.278207133095243,23.325189507690016,0.30469823745947733,765.5177037508167,True,99.53496991621643
offgrid,single,-20,200,spectral_only,AE,-3.046982374594773,19.77550049923115,22.822482873825923,0.30469823745947733,749.0191956512763,True,99.4779023810236
offgrid,single,-20,201,AET_spectral,AE,-4.572678700638303,13.76226659922101,18.334945299859314,0.4572678700638303,400.9672776112594,True,98.53274543288374
offgrid,single,-20,201,spectral_only,AE,-4.572678700638303,14.484371806493355,19.057050507131656,0.4572678700638303,416.75901052202664,True,98.75750414300516
offgrid,single,-20,202,AET_spectral,AE,-3.7022509501964516,10.055486129641373,13.757737079837824,0.3702250950196452,371.60466064861976,True,95.79054092095716
offgrid,single,-20,202,spectral_only,AE,-3.7022509501964516,10.158422635321509,13.860673585517961,0.3702250950196452,374.3850368863428,True,95.88914042777733
offgrid,single,-15,200,AET_spectral,AE,2.6418131436810355,24.712978574999944,22.07116543131891,0.26418131436810355,835.4552056079752,True,99.37929755391916
offgrid,single,-15,200,spectral_only,AE,2.6418131436810355,24.5410874774269,21.899274333745865,0.26418131436810355,828.9486478681067,True,99.35423787905074
offgrid,single,-15,201,AET_spectral,AE,1.7311760923372854,19.273031147164307,17.54185505482702,0.17311760923372854,1013.291203157936,True,98.23877640712743
offgrid,single,-15,201,spectral_only,AE,1.7311760923372854,19.621162874651066,17.88998678231378,0.17311760923372854,1033.4007534820016,True,98.37444629690918
offgrid,single,-15,202,AET_spectral,AE,1.3979900112939714,14.62091096524842,13.222920953954448,0.13979900112939714,945.8523199114557,True,95.2388934079472
offgrid,single,-15,202,spectral_only,AE,1.3979900112939714,14.675239257814933,13.277249246520961,0.13979900112939714,949.7384916385503,True,95.29808173523867
offgrid,single,-10,200,AET_spectral,AE,7.194234733703003,29.236900223300722,22.04266548959772,0.7194234733703003,306.39347068193257,True,99.37521089027871
offgrid,single,-10,200,spectral_only,AE,7.194234733703003,29.409914758501074,22.215680024798072,0.7194234733703003,308.7983760207843,True,99.39961200810305
offgrid,single,-10,201,AET_spectral,AE,6.284863132795637,24.526664306894205,18.24180117409857,0.6284863132795637,290.24977614722116,True,98.50093700832274
offgrid,single,-10,201,spectral_only,AE,6.284863132795637,24.70791899125627,18.423055858460636,0.6284863132795637,293.13376392121495,True,98.5622134581596
offgrid,single,-10,202,AET_spectral,AE,6.443307454122497,19.31007486429983,12.866767410177331,0.6443307454122498,199.691967235632,True,94.83199102763
offgrid,single,-10,202,spectral_only,AE,6.443307454122497,19.445574010695104,13.002266556572607,0.6443307454122498,201.79491121836224,True,94.99074264708453
offgrid,single,-5,200,AET_spectral,AE,11.736270484351639,34.324421404442916,22.588150920091277,1.1736270484351639,192.46447114702076,True,99.4489577382623
offgrid,single,-5,200,spectral_only,AE,11.736270484351639,34.340261754376144,22.603991270024505,1.1736270484351639,192.59944034319216,True,99.45096393533042
offgrid,single,-5,201,AET_spectral,AE,10.721253137648217,29.64201062299926,18.92075748535104,1.0721253137648217,176.47897351579036,True,98.71789305866733
offgrid,single,-5,201,spectral_only,AE,10.721253137648217,29.761004833063232,19.039751695415013,1.0721253137648217,177.58886438895814,True,98.75254516550935
offgrid,single,-5,202,AET_spectral,AE,11.147087264600092,24.275843924049592,13.1287566594495,1.1147087264600093,117.77746372491954,True,95.13453520979944
offgrid,single,-5,202,spectral_only,AE,11.147087264600092,24.339904851926292,13.1928175873262,1.1147087264600093,118.35215132138376,True,95.20577688751733
offgrid,single,0,200,AET_spectral,AE,15.820822819859421,39.26000938236398,23.43918656250456,1.5820822819859421,148.1540298465515,True,99.54701758402506
offgrid,single,0,200,spectral_only,AE,15.820822819859421,39.30919297677328,23.48837015691386,1.5820822819859421,148.4649087115089,True,99.5521186440974
offgrid,single,0,201,AET_spectral,AE,15.99150214565913,34.65322843192962,18.66172628627049,1.599150214565913,116.69776932954474,True,98.6390963735045
offgrid,single,0,201,spectral_only,AE,15.99150214565913,34.79309902818347,18.80159688252434,1.599150214565913,117.57242509971465,True,98.68222788979259
offgrid,single,0,202,AET_spectral,AE,15.111197866185455,29.241508553704477,14.130310687519023,1.5111197866185455,93.50887211356435,True,96.13660662050023
offgrid,single,0,202,spectral_only,AE,15.111197866185455,29.290719817766686,14.179521951581231,1.5111197866185455,93.83453302078024,True,96.18013684438719
offgrid,multiline,-20,200,AET_spectral,AE,-3.4312907337630687,9.119601075221524,12.550891808984593,0.3431290733763069,365.77756835020887,True,94.44209884063181
offgrid,multiline,-20,200,spectral_only,AE,-3.4312907337630687,8.979732621696717,12.411023355459786,0.3431290733763069,361.70130479875473,True,94.26018804535616
offgrid,multiline,-20,201,AET_spectral,AE,-4.502366204440139,5.883244464926957,10.385610669367097,0.4502366204440139,230.67005653882677,True,90.8496241486358
offgrid,multiline,-20,201,spectral_only,AE,-4.502366204440139,5.955227182492077,10.457593386932217,0.4502366204440139,232.26883181157407,True,91.00003829926058
offgrid,multiline,-20,202,AET_spectral,AE,-3.986799221475427,8.698428253902776,12.685227475378202,0.3986799221475427,318.180745271734,True,94.6113837993608
offgrid,multiline,-20,202,spectral_only,AE,-3.986799221475427,8.676669716528796,12.663468938004222,0.3986799221475427,317.6349807081017,True,94.58431861307413
offgrid,multiline,-15,200,AET_spectral,AE,-0.12949604401439216,16.09019516183381,16.219691205848203,0.012949604401439217,12525.240696963338,True,97.61201893174426
offgrid,multiline,-15,200,spectral_only,AE,-0.12949604401439216,15.74565378499493,15.875149829009322,0.012949604401439217,12259.177451972942,True,97.41485434796138
offgrid,multiline,-15,201,AET_spectral,AE,0.32608060893230423,11.310215125697853,10.984134516765549,0.03260806089323042,3368.5334901487204,True,92.02764648288628
offgrid,multiline,-15,201,spectral_only,AE,0.32608060893230423,11.428734050479134,11.10265344154683,0.03260806089323042,3404.880001267352,True,92.24227008035695
offgrid,multiline,-15,202,AET_spectral,AE,0.05453847820673181,15.452721600052532,15.3981831218458,0.005453847820673181,28233.613456315998,True,97.11476170510586
offgrid,multiline,-15,202,spectral_only,AE,0.05453847820673181,15.026947311206445,14.972408832999713,0.005453847820673181,27452.92741070952,True,96.81756811740262
offgrid,multiline,-10,200,AET_spectral,AE,3.913113320676514,21.350662457403487,17.43754913672697,0.3913113320676514,445.61830204580684,True,98.19596447115137
offgrid,multiline,-10,200,spectral_only,AE,3.913113320676514,20.92159779468547,17.00848447400896,0.3913113320676514,434.653511927134,True,98.00863186893791
offgrid,multiline,-10,201,AET_spectral,AE,3.8361253319582094,21.83616911720079,18.000043785242582,0.38361253319582095,469.22460106521555,True,98.41512278623213
offgrid,multiline,-10,201,spectral_only,AE,3.8361253319582094,22.560776343178016,18.724651011219805,0.38361253319582095,488.11364048060227,True,98.6586722830004
offgrid,multiline,-10,202,AET_spectral,AE,3.430422773642527,20.33285457438896,16.902431800746434,0.34304227736425275,492.72153655856596,True,97.95940499180287
offgrid,multiline,-10,202,spectral_only,AE,3.430422773642527,20.04117778881745,16.610755015174924,0.34304227736425275,484.2188882024334,True,97.81764951986345
offgrid,multiline,-5,200,AET_spectral,AE,7.550099960058403,26.742961719134286,19.192861759075882,0.7550099960058403,254.20672389253264,True,98.79575784972687
offgrid,multiline,-5,200,spectral_only,AE,7.550099960058403,25.988310157926108,18.438210197867704,0.7550099960058403,244.2114713104418,True,98.56722174986267
offgrid,multiline,-5,201,AET_spectral,AE,5.445785413327178,26.677547785749702,21.231762372422523,0.5445785413327178,389.87511921536924,True,99.24695008687246
offgrid,multiline,-5,201,spectral_only,AE,5.445785413327178,27.638762883072886,22.192977469745706,0.5445785413327178,407.5257430348619,True,99.39646528849788
offgrid,multiline,-5,202,AET_spectral,AE,6.990333920196255,25.162629419439256,18.172295499243,0.6990333920196256,259.96319641813056,True,98.47675258398175
offgrid,multiline,-5,202,spectral_only,AE,6.990333920196255,25.08338515453715,18.093051234340898,0.6990333920196256,258.8295701020379,True,98.44870327168383
offgrid,multiline,0,200,AET_spectral,AET,10.447530773112225,31.181349819267794,20.733819046155567,1.0447530773112226,198.45664488987333,True,99.15546413917518
offgrid,multiline,0,200,spectral_only,AET,10.447530773112225,31.015775299337417,20.568244526225193,1.0447530773112226,196.87182524658982,True,99.12264461226586
offgrid,multiline,0,201,AET_spectral,AE,10.132096798398,32.325360613613896,22.193263815215893,1.0132096798398,219.0392004419549,True,99.39650508033057
offgrid,multiline,0,201,spectral_only,AE,10.132096798398,32.64417282617128,22.512076027773276,1.0132096798398,222.18575755546163,True,99.43922015374682
offgrid,multiline,0,202,AET_spectral,AET,9.536242822728763,30.12395692320295,20.587714100474187,0.9536242822728763,215.8891555425293,True,99.12656902409155
offgrid,multiline,0,202,spectral_only,AET,9.536242822728763,30.12213940094915,20.585896578220385,0.9536242822728763,215.8700964404533,True,99.12620341676089
