phase,scene,requested_snr_db,noise_seed,model_seed,algorithm,output_snr_db,mse,input_snr_db,strongest_tone_retention,weakest_tone_retention,evaluation_start,evaluation_end
offgrid,single,-20,200,1200,ALE,-5.41981964735475,0.03499377208853216,-19.95949665145593,0.16056594838998378,0.16056594838998378,8000,14976
offgrid,single,-20,200,1200,AE,-3.046982374594773,0.02026315337547324,-19.95949665145593,0.08991893427280345,0.08991893427280345,8000,14976
offgrid,single,-20,200,1200,AET,-7.100605038410432,0.051531086345529456,-19.95949665145593,0.37821504936581624,0.37821504936581624,8000,14976
offgrid,single,-20,200,1200,AET_spectral,20.278207133095243,9.422975911915832e-05,-19.95949665145593,0.9980831640925742,0.9980831640925742,8000,14976
offgrid,single,-20,200,1200,spectral_only,19.77550049923115,0.00010579344130288308,-19.95949665145593,1.0320148649160257,1.0320148649160257,8000,14976
offgrid,single,-20,201,1201,ALE,-5.728718100957082,0.037058090765008406,-19.95586522408075,0.1251855742257087,0.1251855742257087,8000,14976
offgrid,single,-20,201,1201,AE,-4.572678700638303,0.02839743411770447,-19.95586522408075,0.09997444335584585,0.09997444335584585,8000,14976
offgrid,single,-20,201,1201,AET,-8.507050351475332,0.07026131370785497,-19.95586522408075,0.320514383905901,0.320514383905901,8000,14976
offgrid,single,-20,201,1201,AET_spectral,13.76226659922101,0.00041666264903585093,-19.95586522408075,0.8701929772073931,0.8701929772073931,8000,14976
offgrid,single,-20,201,1201,spectral_only,14.484371806493355,0.00035283694240531647,-19.95586522408075,0.9022835505777415,0.9022835505777415,8000,14976
offgrid,single,-20,202,1202,ALE,-5.211019870119492,0.03379987591779786,-19.97816157926032,0.07638380505952258,0.07638380505952258,8000,14976
offgrid,single,-20,202,1202,AE,-3.7022509501964516,0.023880213977890006,-19.97816157926032,0.2610368576087754,0.2610368576087754,8000,14976
offgrid,single,-20,202,1202,AET,-8.595023100699667,0.07367420005041458,-19.97816157926032,0.4359426725063424,0.4359426725063424,8000,14976
offgrid,single,-20,202,1202,AET_spectral,10.055486129641373,0.0010052278353871503,-19.97816157926032,0.9010034854303783,0.9010034854303783,8000,14976
offgrid,single,-20,202,1202,spectral_only,10.158422635321509,0.0009816820621773481,-19.97816157926032,0.9287767467662527,0.9287767467662527,8000,14976
offgrid,single,-15,200,1200,ALE,-1.8455473913069773,0.04859186112495986,-14.95949665145593,0.3620963622651938,0.3620963622651938,8000,14976
offgrid,single,-15,200,1200,AE,2.6418131436810355,0.017291293394789967,-14.95949665145593,0.8143747481045526,0.8143747481045526,8000,14976
offgrid,single,-15,200,1200,AET,-4.060505863527874,0.08092065335005977,-14.95949665145593,1.0093708278633264,1.0093708278633264,8000,14976
offgrid,single,-15,200,1200,AET_spectral,24.712978574999944,0.00010732748106047663,-14.95949665145593,1.0158137861642649,1.0158137861642649,8000,14976
offgrid,single,-15,200,1200,spectral_only,24.5410874774269,0.00011166062296575407,-14.95949665145593,1.01677601143121,1.01677601143121,8000,14976
offgrid,single,-15,201,1201,ALE,-2.0342676253680088,0.05005390824038356,-14.955865224080751,0.30764110562243696,0.30764110562243696,8000,14976
offgrid,single,-15,201,1201,AE,1.7311760923372854,0.021032631909967243,-14.955865224080751,0.7873200523983799,0.7873200523983799,8000,14976
offgrid,single,-15,201,1201,AET,-5.136247413185064,0.10224356216744988,-14.955865224080751,0.8644492058153262,0.8644492058153262,8000,14976
offgrid,single,-15,201,1201,AET_spectral,19.273031147164307,0.0003704316754003878,-14.955865224080751,0.9422090025903481,0.9422090025903481,8000,14976
offgrid,single,-15,201,1201,spectral_only,19.621162874651066,0.0003418967268699342,-14.955865224080751,0.9472151450631738,0.9472151450631738,8000,14976
offgrid,single,-15,202,1202,ALE,-1.609731054438392,0.04664297300346955,-14.978161579260318,0.29336470390215985,0.29336470390215985,8000,14976
offgrid,single,-15,202,1202,AE,1.3979900112939714,0.023335339182923083,-14.978161579260318,0.8512831049886761,0.8512831049886761,8000,14976
offgrid,single,-15,202,1202,AET,-4.435135639785019,0.08939776944981798,-14.978161579260318,0.8912276386767309,0.8912276386767309,8000,14976
offgrid,single,-15,202,1202,AET_spectral,14.62091096524842,0.0011110203721160304,-14.978161579260318,0.9617210422977656,0.9617210422977656,8000,14976
offgrid,single,-15,202,1202,spectral_only,14.675239257814933,0.001097208575185867,-14.978161579260318,0.9647734013926496,0.9647734013926496,8000,14976
offgrid,single,-10,200,1200,ALE,1.5972740276727868,0.06954747890875528,-9.959496651455929,0.6420730878062291,0.6420730878062291,8000,14976
offgrid,single,-10,200,1200,AE,7.194234733703003,0.019168376048902522,-9.959496651455929,0.9664939021826526,0.9664939021826526,8000,14976
offgrid,single,-10,200,1200,AET,2.00443893057885,0.06332349855839814,-9.959496651455929,1.0576440347950131,1.0576440347950131,8000,14976
offgrid,single,-10,200,1200,AET_spectral,29.236900223300722,0.00011976192606396705,-9.959496651455929,1.0108467367584155,1.0108467367584155,8000,14976
offgrid,single,-10,200,1200,spectral_only,29.409914758501074,0.00011508462803926182,-9.959496651455929,1.0090132158452714,1.0090132158452714,8000,14976
offgrid,single,-10,201,1201,ALE,1.5939308515822768,0.06864645987748631,-9.955865224080751,0.5964567261131254,0.5964567261131254,8000,14976
offgrid,single,-10,201,1201,AE,6.284863132795637,0.02330906845407601,-9.955865224080751,0.9585927838558942,0.9585927838558942,8000,14976
offgrid,single,-10,201,1201,AET,-0.8125662423521862,0.11947247339380429,-9.955865224080751,0.9346696344230594,0.9346696344230594,8000,14976
offgrid,single,-10,201,1201,AET_spectral,24.526664306894205,0.0003494176188997728,-9.955865224080751,0.9687338232023326,0.9687338232023326,8000,14976
offgrid,single,-10,201,1201,spectral_only,24.70791899125627,0.0003351346492610703,-9.955865224080751,0.9709203261359811,0.9709203261359811,8000,14976
offgrid,single,-10,202,1202,ALE,1.9245111960213335,0.0653675186300965,-9.978161579260318,0.6086173952457503,0.6086173952457503,8000,14976
offgrid,single,-10,202,1202,AE,6.443307454122497,0.023093107302709186,-9.978161579260318,0.9723680453046186,0.9723680453046186,8000,14976
offgrid,single,-10,202,1202,AET,2.6267437461353826,0.05560818807141575,-9.978161579260318,0.9469754852995789,0.9469754852995789,8000,14976
offgrid,single,-10,202,1202,AET_spectral,19.31007486429983,0.0011934538574030408,-9.978161579260318,0.9792554029419442,0.9792554029419442,8000,14976
offgrid,single,-10,202,1202,spectral_only,19.445574010695104,0.00115679317557762,-9.978161579260318,0.9818654725460981,0.9818654725460981,8000,14976
offgrid,single,-5,200,1200,ALE,5.480622475510301,0.08993868774554949,-4.959496651455929,0.8678061705828349,0.8678061705828349,8000,14976
offgrid,single,-5,200,1200,AE,11.736270484351639,0.02130010507254686,-4.959496651455929,1.0016217470472026,1.0016217470472026,8000,14976
offgrid,single,-5,200,1200,AET,8.096745531542188,0.04924183641849018,-4.959496651455929,1.000672566391972,1.000672566391972,8000,14976
offgrid,single,-5,200,1200,AET_spectral,34.324421404442916,0.00011737258074426907,-4.959496651455929,1.0045753601791076,1.0045753601791076,8000,14976
offgrid,single,-5,200,1200,spectral_only,34.340261754376144,0.00011694525866079423,-4.959496651455929,1.004929535363507,1.004929535363507,8000,14976
offgrid,single,-5,201,1201,ALE,5.710950591201485,0.08412327492661666,-4.955865224080751,0.8408690859388777,0.8408690859388777,8000,14976
offgrid,single,-5,201,1201,AE,10.721253137648217,0.02653908325241195,-4.955865224080751,0.9688491690726141,0.9688491690726141,8000,14976
offgrid,single,-5,201,1201,AET,6.283356018191575,0.0737353300861727,-4.955865224080751,0.9580267456088593,0.9580267456088593,8000,14976
offgrid,single,-5,201,1201,AET_spectral,29.64201062299926,0.00034025942854522923,-4.955865224080751,0.9826854815983338,0.9826854815983338,8000,14976
offgrid,single,-5,201,1201,spectral_only,29.761004833063232,0.0003310630770617136,-4.955865224080751,0.9838238865056435,0.9838238865056435,8000,14976
offgrid,single,-5,202,1202,ALE,5.982370516465366,0.08120374659867093,-4.97816157926032,0.8546211138455145,0.8546211138455145,8000,14976
offgrid,single,-5,202,1202,AE,11.147087264600092,0.024723183510916145,-4.97816157926032,0.9852646519556485,0.9852646519556485,8000,14976
offgrid,single,-5,202,1202,AET,7.4216599890851835,0.058297122657524215,-4.97816157926032,0.9937707607226134,0.9937707607226134,8000,14976
offgrid,single,-5,202,1202,AET_spectral,24.275843924049592,0.001202897788740296,-4.97816157926032,0.9899381559857187,0.9899381559857187,8000,14976
offgrid,single,-5,202,1202,spectral_only,24.339904851926292,0.0011852845780218463,-4.97816157926032,0.9903502090288087,0.9903502090288087,8000,14976
offgrid,single,0,200,1200,ALE,9.82686746506923,0.10454952107644569,0.04050334854407194,0.9716155610151941,0.9716155610151941,8000,14976
offgrid,single,0,200,1200,AE,15.820822819859421,0.026298229571746837,0.04050334854407194,0.9935198415916908,0.9935198415916908,8000,14976
offgrid,single,0,200,1200,AET,14.21774182995653,0.03803948348110595,0.04050334854407194,1.0012487423132361,1.0012487423132361,8000,14976
offgrid,single,0,200,1200,AET_spectral,39.26000938236398,0.00011912635567273653,0.04050334854407194,1.0025874004946034,1.0025874004946034,8000,14976
offgrid,single,0,200,1200,spectral_only,39.30919297677328,0.00011778486718431825,0.04050334854407194,1.0027270624700713,1.0027270624700713,8000,14976
offgrid,single,0,201,1201,ALE,10.28304785828982,0.0928338677195466,0.04413477591924755,0.9549584101462351,0.9549584101462351,8000,14976
offgrid,single,0,201,1201,AE,15.99150214565913,0.024937965283816078,0.04413477591924755,0.9788286073304008,0.9788286073304008,8000,14976
offgrid,single,0,201,1201,AET,14.309245400365317,0.03673556219055718,0.04413477591924755,0.9842792979161802,0.9842792979161802,8000,14976
offgrid,single,0,201,1201,AET_spectral,34.65322843192962,0.0003393816739216411,0.04413477591924755,0.9904820106999669,0.9904820106999669,8000,14976
offgrid,single,0,201,1201,spectral_only,34.79309902818347,0.00032862555136333566,0.04413477591924755,0.9909567893416881,0.9909567893416881,8000,14976
offgrid,single,0,202,1202,ALE,10.452685567691208,0.09173700602358854,0.021838420739681404,0.96520134333934,0.96520134333934,8000,14976
offgrid,single,0,202,1202,AE,15.111197866185455,0.03138291874167328,0.021838420739681404,0.9896075100422024,0.9896075100422024,8000,14976
offgrid,single,0,202,1202,AET,13.40175528288759,0.046519773405929624,0.021838420739681404,0.9987932729039758,0.9987932729039758,8000,14976
offgrid,single,0,202,1202,AET_spectral,29.241508553704477,0.0012124456049595978,0.021838420739681404,0.9947946020236399,0.9947946020236399,8000,14976
offgrid,single,0,202,1202,spectral_only,29.290719817766686,0.0011987845501690868,0.021838420739681404,0.9947475059835267,0.9947475059835267,8000,14976
offgrid,multiline,-20,200,1200,ALE,-5.431503423252205,0.03506210771590489,-19.96270782080531,0.1599666544480673,0.18397920139395382,8000,14976
offgrid,multiline,-20,200,1200,AE,-3.4312907337630687,0.02212161097563041,-19.96270782080531,0.18696242075195973,0.062492414635386274,8000,14976
offgrid,multiline,-20,200,1200,AET,-10.316433070953039,0.10797693222423799,-19.96270782080531,0.46963862943044327,0.36151681130769336,8000,14976
offgrid,multiline,-20,200,1200,AET_spectral,9.119601075221524,0.001229497272885481,-19.96270782080531,1.055883542837671,8.076138541765609e-05,8000,14976
offgrid,multiline,-20,200,1200,spectral_only,8.979732621696717,0.0012697388713390375,-19.96270782080531,1.091482462810532,8.365780772889045e-05,8000,14976
offgrid,multiline,-20,201,1201,ALE,-5.853984564900193,0.03812443446956092,-19.95792799321831,0.08761316112308894,0.039030178889055564,8000,14976
offgrid,multiline,-20,201,1201,AE,-4.502366204440139,0.027928111785068245,-19.95792799321831,0.2065884524521937,0.03974019827748153,8000,14976
offgrid,multiline,-20,201,1201,AET,-9.08268159521144,0.08018130367299699,-19.95792799321831,0.33835297862602465,0.2333064523853767,8000,14976
offgrid,multiline,-20,201,1201,AET_spectral,5.883244464926957,0.002555527196522884,-19.95792799321831,0.8919371131745535,3.455240332510675e-05,8000,14976
offgrid,multiline,-20,201,1201,spectral_only,5.955227182492077,0.0025135193643958365,-19.95792799321831,0.9229319100038729,3.5752419557804866e-05,8000,14976
offgrid,multiline,-20,202,1202,ALE,-5.396753844101818,0.03529009804108463,-19.976517963774707,0.08566553303393654,0.10028631762110547,8000,14976
offgrid,multiline,-20,202,1202,AE,-3.986799221475427,0.025506883738211958,-19.976517963774707,0.15576907757916825,0.0366785165870567,8000,14976
offgrid,multiline,-20,202,1202,AET,-7.844737339552413,0.06200849837958072,-19.976517963774707,0.3075893623754535,0.19246047440287187,8000,14976
offgrid,multiline,-20,202,1202,AET_spectral,8.698428253902776,0.0013744680693954978,-19.976517963774707,0.8610389284356222,0.0002251855850229199,8000,14976
offgrid,multiline,-20,202,1202,spectral_only,8.676669716528796,0.0013813715549951667,-19.976517963774707,0.8900461467692552,0.0002341221843867344,8000,14976
offgrid,multiline,-15,200,1200,ALE,-2.07645217208909,0.05120741992026708,-14.962707820805312,0.32876079202576003,0.11557312266999376,8000,14976
offgrid,multiline,-15,200,1200,AE,-0.12949604401439216,0.03270674174226492,-14.962707820805312,0.8904680216344403,0.07127682291390032,8000,14976
offgrid,multiline,-15,200,1200,AET,-5.519971092344597,0.11315787586553598,-14.962707820805312,0.8897362266716135,0.28023858776152455,8000,14976
offgrid,multiline,-15,200,1200,AET_spectral,16.09019516183381,0.0007810308008485825,-14.962707820805312,1.0411503061315361,1.2562890768438693,8000,14976
offgrid,multiline,-15,200,1200,spectral_only,15.74565378499493,0.0008455169120736628,-14.962707820805312,1.0502100232231015,1.3102681977950446,8000,14976
offgrid,multiline,-15,201,1201,ALE,-2.3924096547511375,0.054330777387818247,-14.95792799321831,0.26446763824822317,0.023093725429882566,8000,14976
offgrid,multiline,-15,201,1201,AE,0.32608060893230423,0.029053395275720404,-14.95792799321831,0.7395055199400128,0.0345860587303317,8000,14976
offgrid,multiline,-15,201,1201,AET,-4.548107646022415,0.08925153996850764,-14.95792799321831,0.8214421566140551,0.15830744339088498,8000,14976
offgrid,multiline,-15,201,1201,AET_spectral,11.310215125697853,0.002316239380104845,-14.95792799321831,0.9490359184695447,0.0001481294862445846,8000,14976
offgrid,multiline,-15,201,1201,spectral_only,11.428734050479134,0.002253883937976722,-14.95792799321831,0.9559692342764368,0.00015474563117283215,8000,14976
offgrid,multiline,-15,202,1202,ALE,-2.1174777818675476,0.052447556402067254,-14.976517963774707,0.22468374391609805,0.04979408422251618,8000,14976
offgrid,multiline,-15,202,1202,AE,0.05453847820673181,0.03180706765664519,-14.976517963774707,0.46623192387471807,0.046666858107026254,8000,14976
offgrid,multiline,-15,202,1202,AET,-3.931729480134672,0.07964351674150712,-14.976517963774707,0.8083662136647458,0.3143766420900542,8000,14976
offgrid,multiline,-15,202,1202,AET_spectral,15.452721600052532,0.0009177096965124116,-14.976517963774707,0.9297138930126904,1.0894109050305214,8000,14976
offgrid,multiline,-15,202,1202,spectral_only,15.026947311206445,0.0010122382620243967,-14.976517963774707,0.9358993401486659,1.1316190052024657,8000,14976
offgrid,multiline,-10,200,1200,ALE,0.7958485226916769,0.08358008818535755,-9.96270782080531,0.5911193881337184,0.11464132146096463,8000,14976
offgrid,multiline,-10,200,1200,AE,3.913113320676514,0.0407733453081454,-9.96270782080531,1.0192298929055272,0.02028811660172234,8000,14976
offgrid,multiline,-10,200,1200,AET,-2.263241174432325,0.16904868419420957,-9.96270782080531,1.0300438722473908,0.41709206267130283,8000,14976
offgrid,multiline,-10,200,1200,AET_spectral,21.350662457403487,0.0007355656356590808,-9.96270782080531,1.0271132305912711,1.1332843473827616,8000,14976
offgrid,multiline,-10,200,1200,spectral_only,20.92159779468547,0.0008119474044343082,-9.96270782080531,1.02789018524789,1.172608027346332,8000,14976
offgrid,multiline,-10,201,1201,ALE,0.6319471039883483,0.08562690433383599,-9.957927993218311,0.5374862075553465,0.019689639059640655,8000,14976
offgrid,multiline,-10,201,1201,AE,3.8361253319582094,0.040944202878467256,-9.957927993218311,0.977797551227213,0.038422172258166694,8000,14976
offgrid,multiline,-10,201,1201,AET,0.09793060139539098,0.09683043737581706,-9.957927993218311,0.9291520736741353,0.20282250484497885,8000,14976
offgrid,multiline,-10,201,1201,AET_spectral,21.83616911720079,0.0006489153417797124,-9.957927993218311,0.9730669888250189,0.8646913673101219,8000,14976
offgrid,multiline,-10,201,1201,spectral_only,22.560776343178016,0.0005491959417134309,-9.957927993218311,0.9750848674943586,0.9011329587561231,8000,14976
offgrid,multiline,-10,202,1202,ALE,0.7010580702252579,0.08667057413040384,-9.976517963774704,0.49621376363032266,0.05415776650692225,8000,14976
offgrid,multiline,-10,202,1202,AE,3.430422773642527,0.04623120391457714,-9.976517963774704,0.9291676092594353,0.04368620033239022,8000,14976
offgrid,multiline,-10,202,1202,AET,-0.35530601926032385,0.11053710406330226,-9.976517963774704,0.9298929347480217,0.38338783740967675,8000,14976
offgrid,multiline,-10,202,1202,AET_spectral,20.33285457438896,0.0009433916393102972,-9.976517963774704,0.9617586479348562,1.0343520939114634,8000,14976
offgrid,multiline,-10,202,1202,spectral_only,20.04117778881745,0.0010089269006026834,-9.976517963774704,0.9633407554513549,1.0671632638469684,8000,14976
offgrid,multiline,-5,200,1200,ALE,3.936009212026409,0.1282586770831488,-4.962707820805309,0.8341579930394405,0.29095407003674134,8000,14976
offgrid,multiline,-5,200,1200,AE,7.550099960058403,0.05580558707773316,-4.962707820805309,1.0138851383259717,0.0036144227062223744,8000,14976
offgrid,multiline,-5,200,1200,AET,3.840949479888767,0.13109699270240724,-4.962707820805309,1.0255614743761807,0.16274010618636475,8000,14976
offgrid,multiline,-5,200,1200,AET_spectral,26.742961719134286,0.0006720344017974424,-4.962707820805309,1.0156637960881756,1.0495621186704907,8000,14976
offgrid,multiline,-5,200,1200,spectral_only,25.988310157926108,0.0007995703140112093,-4.962707820805309,1.0155876133955384,1.0963397512077557,8000,14976
offgrid,multiline,-5,201,1201,ALE,3.861534537388111,0.1287216209137699,-4.957927993218309,0.79474718645935,0.15919672534625912,8000,14976
offgrid,multiline,-5,201,1201,AE,5.445785413327178,0.08937713153840529,-4.957927993218309,0.9937920257638266,0.008500014471240139,8000,14976
offgrid,multiline,-5,201,1201,AET,4.655918036843806,0.10720453316867266,-4.957927993218309,0.9681707168712547,0.14856347230037473,8000,14976
offgrid,multiline,-5,201,1201,AET_spectral,26.677547785749702,0.0006730544114058418,-4.957927993218309,0.9853489941101286,0.9000762584481621,8000,14976
offgrid,multiline,-5,201,1201,spectral_only,27.638762883072886,0.0005394220129791799,-4.957927993218309,0.9859547602511444,0.9393658088050886,8000,14976
offgrid,multiline,-5,202,1202,ALE,3.792421227952852,0.13450404884783373,-4.976517963774706,0.7773333702090114,0.27555056613473206,8000,14976
offgrid,multiline,-5,202,1202,AE,6.990333920196255,0.06440863398158778,-4.976517963774706,0.9736578398481398,0.020046676343192696,8000,14976
offgrid,multiline,-5,202,1202,AET,4.381416828506614,0.11744534219852286,-4.976517963774706,0.9475824367696501,0.7242092269478638,8000,14976
offgrid,multiline,-5,202,1202,AET_spectral,25.162629419439256,0.0009811028528171855,-4.976517963774706,0.977544151048232,1.0217959424426342,8000,14976
offgrid,multiline,-5,202,1202,spectral_only,25.08338515453715,0.0009991690317095155,-4.976517963774706,0.9792068319819582,1.0356157165311297,8000,14976
offgrid,multiline,0,200,1200,ALE,7.710841689610649,0.1700605222085456,0.037292179194690384,0.9581933831791327,0.5618408986330293,8000,14976
offgrid,multiline,0,200,1200,AE,10.057522912568222,0.09906845407425316,0.037292179194690384,1.00360840205003,0.003945102928650052,8000,14976
offgrid,multiline,0,200,1200,AET,10.447530773112225,0.0905596217720794,0.037292179194690384,1.0246871269304965,0.9124432004150967,8000,14976
offgrid,multiline,0,200,1200,AET_spectral,31.181349819267794,0.0007648084812925373,0.037292179194690384,1.0088998211085232,1.047642100230115,8000,14976
offgrid,multiline,0,200,1200,spectral_only,31.015775299337417,0.0007945297207289932,0.037292179194690384,1.0087380618932742,1.053917986769507,8000,14976
offgrid,multiline,0,201,1201,ALE,7.601095946394784,0.17206611735670416,0.04207200678169089,0.933660732620808,0.44104692432318443,8000,14976
offgrid,multiline,0,201,1201,AE,10.132096798398,0.09607165535288069,0.04207200678169089,0.9891438177351249,0.007091549733175189,8000,14976
offgrid,multiline,0,201,1201,AET,9.782258418343103,0.10413077767840753,0.04207200678169089,0.989735580052679,0.8113265926689583,8000,14976
offgrid,multiline,0,201,1201,AET_spectral,32.325360613613896,0.0005797875592969653,0.04207200678169089,0.9919707986675657,0.9572306631876425,8000,14976
offgrid,multiline,0,201,1201,spectral_only,32.64417282617128,0.0005387504811807738,0.04207200678169089,0.9920920642936272,0.9643144557572516,8000,14976
offgrid,multiline,0,202,1202,ALE,7.512488630620755,0.18060452091329787,0.023482036225294232,0.9310805272762068,0.5891175691759479,8000,14976
offgrid,multiline,0,202,1202,AE,9.056591261677347,0.12656637870378723,0.023482036225294232,1.0010915092230364,0.01594913656121633,8000,14976
offgrid,multiline,0,202,1202,AET,9.536242822728763,0.11333216838675525,0.023482036225294232,0.9843993280282567,0.9740080187957232,8000,14976
offgrid,multiline,0,202,1202,AET_spectral,30.12395692320295,0.000989878264358651,0.023482036225294232,0.9879834298949187,1.017233435194296,8000,14976
offgrid,multiline,0,202,1202,spectral_only,30.12213940094915,0.000990292615074253,0.023482036225294232,0.9882533398261814,1.019347197043301,8000,14976
