update,training_loss,validation_loss
1,0.9748790264129639,0.97819983959198
5,0.973622739315033,0.9781534671783447
10,0.971734881401062,0.978195071220398
15,0.9694636464118958,0.9786297082901001
20,0.9667036533355713,0.9797965288162231
25,0.9632830023765564,0.9817842245101929
30,0.9596310257911682,0.9853989481925964
35,0.9555181264877319,0.991034746170044
40,0.9520823955535889,0.9978134632110596
45,0.9492359757423401,1.006229043006897
50,0.9474780559539795,1.013776421546936
55,0.9455820918083191,1.0191755294799805
60,0.9442559480667114,1.0210692882537842
65,0.9424030780792236,1.0209745168685913
70,0.9409306049346924,1.0226354598999023
75,0.9396758675575256,1.0255664587020874
80,0.9391235113143921,1.0286308526992798
85,0.9379187226295471,1.0316966772079468
