scene,requested_snr_db,seed,variant,selected_update,stopped_update,best_baseline_snr_db,input_snr_db,output_snr_db,snr_gain_db,mse,output_power_over_clean,tone_error_over_clean,dc_error_over_clean,other_error_over_clean,noise_error_correlation,strongest_tone_retention,weakest_tone_retention,margin_db,seconds,parameters
single,-20,42,lag8,15,95,-2.4702727399945745,-20.028069862075487,2.738975062557722,22.767044924633208,0.005356846851739905,1.4207603528611856,0.020649617599071753,0.012237373341329474,0.49934686099698405,0.005942094333062696,0.9535729916626884,0.9535729916626884,4.962220528552839,5.687183899999582,681
single,-20,42,lag4,20,100,-2.4702727399945745,-20.028069862075487,5.932778339827825,25.96084820190331,0.0025676090789914625,1.1637216877505383,0.015664087024478857,0.0034466932817798328,0.23599609659412646,-0.01981044750254132,0.9614285852722616,0.9614285852722616,8.156023805822944,20.773930100000143,181
single,-20,42,lag16_soft,1,85,-2.4702727399945745,-20.028069862075487,1.7247616714775407,21.752831533553028,0.006765977815917047,1.141260395163972,0.0799409258113164,0.00615476806147928,0.5861435048115562,-0.010839425612814403,0.7409664805896907,0.7409664805896907,3.9480071374726573,3.0350486999996065,2641
single,-20,42,lag16_sharp,30,110,-2.4702727399945745,-20.028069862075487,-3.547270362300821,16.480799499774665,0.022778953753472265,3.1409476580090963,0.03128249708529929,0.011649889978201508,2.220288988282765,0.1071288423238345,0.9534816985586737,0.9534816985586737,-1.324024896305704,1.1409401999990223,2641
single,-20,42,lag16_all,10,90,-2.4702727399945745,-20.028069862075487,3.7797614661875767,23.807831328263063,0.004215320397698152,1.5493076762921965,0.017621325646840155,0.009317879697928815,0.3918773624069144,0.046040484742692026,1.0715581781206736,1.0715581781206736,6.003006932182695,5.686502599999585,2641
single,-20,42,lag16_linear,5,85,-2.4702727399945745,-20.028069862075487,-0.3689785251232581,19.65909133695223,0.010957326158591607,1.86632527145891,0.022242231142178808,0.006661778434609326,1.059769993942146,0.01115205843595631,0.8944166822435347,0.8944166822435347,1.854266940871859,1.3407798999996885,2641
single,-20,42,lag16_none,185,265,-2.4702727399945745,-20.028069862075487,-5.434252033826635,14.593817828248852,0.03517482456270145,2.7198958932633364,0.787674757503444,0.008130017787674018,2.6990183709311224,0.1515652833773932,0.11296081964021758,0.11296081964021758,-3.2110065678315176,0.3936023000005662,2641
single,-20,42,lag16_uniform,1,85,-2.4702727399945745,-20.028069862075487,-0.7020659256555278,19.32600393641996,0.011830778657845983,0.16951564396545687,1.0059499937539844,0.0058733970878867905,0.1636331922483826,0.013561137316267818,0.0029618836566226206,0.0029618836566226206,1.5211795403395891,8.044413300000087,2641
single,-20,42,lag16_frozen,5,85,-2.4702727399945745,-20.028069862075487,-0.2753525170408665,19.752717345034622,0.010723634132287418,1.8480658279916806,0.02358521866081437,0.00703517246791673,1.0348349520907152,0.00816102371005034,0.8979340882592342,0.8979340882592342,1.9478929489542507,1.0821317999998428,2641
single,0,42,lag8,95,175,16.284862345835222,-0.028069862075485348,24.020520057463912,24.0485899195394,0.003987996154875089,1.0312404423229402,0.0004173846994065698,8.847469571882464e-05,0.0034564464421812037,0.009615387808589308,1.0137590212886485,1.0137590212886485,6.107171477045168,10.47018989999924,681
single,0,42,lag4,55,135,16.284862345835222,-0.028069862075485348,26.319812350165822,26.34788221224131,0.0023486889342772374,1.0301497082019742,0.000425071102270411,8.992285410401163e-05,0.0018185649320733006,-0.021598084815953975,1.0140281813445027,1.0140281813445027,8.406463769747077,27.340479200000118,181
single,0,42,lag16_soft,10,90,16.284862345835222,-0.028069862075485348,21.70867209252669,21.736741954602177,0.006791090646377435,1.040908752062846,0.000633741607227262,6.465868889347603e-05,0.006048942746556382,0.026999496503885324,1.0172537828797237,1.0172537828797237,3.795323512107946,3.327929099999892,2641
single,0,42,lag16_sharp,10,90,16.284862345835222,-0.028069862075485348,16.710648026487053,16.73871788856254,0.021465545717448863,1.0584234117080058,0.0005943895908441022,7.999231535236299e-05,0.020652884669335948,0.02607718882129617,1.0186765096869885,1.0186765096869885,-1.202700553931691,0.9216182000000117,2641
single,0,42,lag16_all,10,90,16.284862345835222,-0.028069862075485348,21.695954649117645,21.724024511193132,0.0068110061391723304,1.040485587248416,0.0005211551399869316,6.515959302904073e-05,0.006180815508617596,0.026840766622267982,1.0169807213744253,1.0169807213744253,3.782606068698901,5.836364400000093,2641
single,0,42,lag16_linear,75,155,16.284862345835222,-0.028069862075485348,20.38637133339799,20.414441195473476,0.009208091014914316,1.0337526999043594,0.00036464190564471896,0.00010984749883722652,0.008674283904701001,0.061629096395972145,1.0124138223722698,1.0124138223722698,2.4730227529792446,2.4197509000005084,2641
single,0,42,lag16_none,185,265,16.284862345835222,-0.028069862075485348,8.564131728474148,8.592201590549633,0.14008562232640112,0.9639200319443785,0.007786229321068382,0.00017289624292121048,0.13122407760637855,0.08969954413401576,0.9124352024733512,0.9124352024733512,-9.349216851944597,0.37739239999973506,2641
single,0,42,lag16_uniform,35,115,16.284862345835222,-0.028069862075485348,0.14460149858681687,0.1726713606623022,0.9735238302420107,0.005065802056165082,0.9625822828297761,5.988066591153483e-05,0.004610312565387343,0.061458725532378744,0.01989423264616042,0.01989423264616042,-17.76874708183193,10.973471600000266,2641
single,0,42,lag16_frozen,10,90,16.284862345835222,-0.028069862075485348,20.04314317166722,20.07121303374271,0.009965346856855501,1.045271670871789,0.0005612716401463782,8.107928047573563e-05,0.009258800055522766,0.012613937502319397,1.0178129278093395,1.0178129278093395,2.1297945912484773,1.1502118000007613,2641
multiline,-20,42,lag8,25,105,-2.3181476395959604,-20.030217167527397,2.619690984570494,22.64990815209789,0.005503296446907345,1.1904971725328581,0.09798649220191648,0.012613413160269156,0.436454980979738,0.013035848958943379,0.8290405958705579,0.07953921736522616,4.706023860206859,6.0383529999999155,681
multiline,-20,42,lag4,35,115,-2.3181476395959604,-20.030217167527397,5.871961763961765,25.90217893148916,0.002602530511038047,0.8539365684919693,0.09208974550313637,0.005632139085233674,0.16098252042644437,-0.03684184664359496,0.8286305886948989,0.010350086052352651,7.9582946395981295,23.206637399998726,181
multiline,-20,42,lag16_soft,5,85,-2.3181476395959604,-20.030217167527397,1.258664617816838,21.288881785344234,0.007528796254002496,0.8621005082456331,0.21151649559344415,0.009027857257336108,0.5278552325176169,0.00561992100107754,0.5832993261063709,0.12908394150604705,3.344997493453202,2.8442312000006496,2641
multiline,-20,42,lag16_sharp,25,105,-2.3181476395959604,-20.030217167527397,-3.5848646133336173,16.44535255419378,0.02296563549033918,2.9420639506862694,0.15278239104989677,0.013746639148150996,2.1163687264724587,0.08959139890424185,0.800091931473756,0.33079307552311915,-1.498531737697253,1.0672176999996736,2641
multiline,-20,42,lag16_all,10,90,-2.3181476395959604,-20.030217167527397,2.483046970272432,22.51326413779983,0.005679201908067468,0.6099328452519338,0.2701787366332694,0.00776547862031468,0.2865965439629417,0.03612755655658418,0.6564034973442561,0.05418499951123416,4.569379845908797,5.714835700000549,2641
multiline,-20,42,lag16_linear,5,85,-2.3181476395959604,-20.030217167527397,-0.7235535143165327,19.306663653210865,0.011883581733551338,1.690325502054172,0.13284705110022593,0.009825965869406051,1.0386137840051182,-0.003976241915923172,0.7576408970622903,0.14211963817745696,1.3627793613198316,1.337378099999114,2641
multiline,-20,42,lag16_none,180,260,-2.3181476395959604,-20.030217167527397,-5.446584833925639,14.583632333601757,0.03525741678045339,2.708409982664172,0.8082105122257547,0.010643129132459342,2.685907971180355,0.1455130286923156,0.10423685863721252,0.19362082008534873,-3.360251958289275,0.3856844000001729,2641
multiline,-20,42,lag16_uniform,1,85,-2.3181476395959604,-20.030217167527397,-0.6872560279048743,19.342961139622524,0.011784674970850824,0.16918409032189308,1.0022786119451632,0.0057775071431232245,0.1633988604773171,0.013475318437812623,0.0009305109549187108,0.00709309084216197,1.39907684773149,8.098416900000302,2641
multiline,-20,42,lag16_frozen,10,90,-2.3181476395959604,-20.030217167527397,-0.615473765236461,19.414743402290934,0.011591493142661138,1.6167846279909366,0.13736375613440574,0.014012711022647673,1.0008752832016232,0.015824457764198094,0.7413826431239966,0.12465931781432549,1.4708591103999034,1.147150500000862,2641
multiline,0,42,lag8,90,170,13.011715951340385,-0.030217167527394985,21.276375355809357,21.30659252333675,0.007498155979248209,1.0135411326671842,0.0007074350512961785,5.436340062581989e-05,0.006691739453176253,-0.014254928268934241,0.9942423294525479,0.9621789490948304,6.963487809334934,10.044549000000188,681
multiline,0,42,lag4,130,210,13.011715951340385,-0.030217167527394985,22.2538565857276,22.284073753254994,0.005986959875652658,1.0163823520646589,0.001756052421395766,8.733748102100919e-05,0.004107944331357538,-0.01338049903033884,0.993278944488807,0.9121864057955054,7.9409690392531775,42.35937989999911,181
multiline,0,42,lag16_soft,20,100,13.011715951340385,-0.030217167527394985,18.72221122570827,18.752428393235665,0.01350115376654348,1.006970903497608,0.0007823424296001132,8.074581884884335e-05,0.012557726367837738,0.0267974627940129,0.9907971508717062,0.9357389213397462,4.409323679233848,3.9783757999994123,2641
multiline,0,42,lag16_sharp,50,130,13.011715951340385,-0.030217167527394985,16.89057500611993,16.920792173647325,0.020584224294833572,1.025752834624849,0.0005073098220596343,9.954155088774813e-05,0.019854885679896555,0.0594491188867774,0.9940240570080431,1.0054428775206872,2.577687459645508,1.5260307999997167,2641
multiline,0,42,lag16_all,15,95,13.011715951340385,-0.030217167527394985,18.0240285243002,18.054245691827592,0.015855836310448335,1.0296737840520147,0.0004722018770420146,8.399223003235654e-05,0.015205291421372748,0.015699478596683032,0.9983176835561735,1.0415880700037514,3.711140977825776,6.711794599999848,2641
multiline,0,42,lag16_linear,50,130,13.011715951340385,-0.030217167527394985,18.78163314335404,18.811850310881432,0.013317683569619774,1.027258148794096,0.0005523968139802841,0.00014806052856515723,0.012537978823491442,0.045122902607063045,0.9977839712846659,1.0165558775556631,4.468745596879616,2.2814689000006183,2641
multiline,0,42,lag16_none,400,400,13.011715951340385,-0.030217167527394985,7.879413207528318,7.909630375055713,0.1639270733581346,0.9783156969912867,0.025948036171248613,0.00017088367756993891,0.13683269896628975,0.1692295444797123,0.9442174074743209,0.3993913884419634,-6.433474338946105,0.652773600000728,2641
multiline,0,42,lag16_uniform,15,95,13.011715951340385,-0.030217167527394985,-0.012778096239948793,0.017439071287446192,1.0089503974064147,0.002687498700290176,1.0002608316449852,1.8254502256970313e-05,0.002667511955756303,0.05426352983088241,0.00033922907071757923,0.004518976140726927,-14.325665642714371,9.909017199999653,2641
multiline,0,42,lag16_frozen,20,100,13.011715951340385,-0.030217167527394985,18.534115689293362,18.564332856820755,0.014098744400396532,1.017974887434212,0.0007477107194341141,0.00012280054372431763,0.01314433800024453,0.03897655494201271,0.9921564698985189,0.9715767275231286,4.221228142818939,1.4427178999994794,2641
